"Post ID","Account ID","Account username","Account name",Description,"Duration (sec)","Publish time",Permalink,"Post type","Data comment",Date,Views,Reach,Likes,Shares,Replies,Navigation,"Profile visits","Link clicks","Sticker taps"
18107870644505696,17841400539558029,hamletisntdead,"Hamlet Isn't Dead",,15,"05/22/2025 20:32",https://instagram.com/stories/hamletisntdead/3638568235537219692,"IG story",,Lifetime,66,57,2,0,0,74,,,11
18347209612160154,17841400539558029,hamletisntdead,"Hamlet Isn't Dead",,15,"10/20/2025 10:00",,"IG story",,Lifetime,54,43,1,0,0,48,,,
18104193874628661,17841400539558029,hamletisntdead,"Hamlet Isn't Dead","Catch @itssamiaom ONE NIGHT ONLY!",0,"10/16/2025 14:18",,"IG story",,Lifetime,142,116,0,0,0,81,,,
18106678585612289,17841400539558029,hamletisntdead,"Hamlet Isn't Dead","HIDiot spotting!! @itssamiaom",4,"10/13/2025 13:31",,"IG story",,Lifetime,185,142,4,0,0,111,2,,
18089621383839200,17841400539558029,hamletisntdead,"Hamlet Isn't Dead","RAC SPOTLIGHT",5,"09/19/2025 17:03",,"IG story",,Lifetime,73,55,3,0,0,62,1,,
18174783703355049,17841400539558029,hamletisntdead,"Hamlet Isn't Dead",,0,"09/18/2025 10:12",,"IG story",,Lifetime,98,84,1,0,0,84,,,
18078344456508882,17841400539558029,hamletisntdead,"Hamlet Isn't Dead","LETS GO @oliviabaesil !!
 💕Your HIDIOTS love youu 💕",0,"08/23/2025 16:31",,"IG story",,Lifetime,116,101,3,0,1,106,,,
17918499387156035,17841400539558029,hamletisntdead,"Hamlet Isn't Dead","Had the absolute pleasure of seeing our friends over at @tier5theatrecompany bring so much fun with their production of Much Ado. You only have 2 more chances to experience this joyful adaptation!!",15,"08/23/2025 09:29",,"IG story",,Lifetime,193,142,4,0,0,96,,,2
18039124847659254,17841400539558029,hamletisntdead,"Hamlet Isn't Dead",,0,"08/14/2025 05:12",,"IG story",,Lifetime,77,59,2,0,0,72,,,
17851813500522971,17841400539558029,hamletisntdead,"Hamlet Isn't Dead","We cannot wait!!!",3,"08/14/2025 05:11",,"IG story",,Lifetime,86,65,4,0,1,64,1,,
18142146655403810,17841400539558029,hamletisntdead,"Hamlet Isn't Dead","And to cap it all off, @itsemmamueller is producing @thewordofthedayplay 📖🔎",0,"07/13/2025 07:44",,"IG story",,Lifetime,253,215,2,0,0,87,1,,
17859118968450520,17841400539558029,hamletisntdead,"Hamlet Isn't Dead","THEN @unsureofmyname -I mean @jaspertheghostcomedy is performing their long-awaited clown show!",15,"07/13/2025 07:40",,"IG story",,Lifetime,169,139,1,0,0,105,1,1,3
18094133086617962,17841400539558029,hamletisntdead,"Hamlet Isn't Dead","So many HIDiot performances to catch this week! Starting tomorrow with @toomuch_tori 's Rascals!",15,"07/13/2025 07:37",,"IG story",,Lifetime,209,170,7,0,0,104,,1,
18070198088043959,17841400539558029,hamletisntdead,"Hamlet Isn't Dead",,0,"07/11/2025 04:48",,"IG story",,Lifetime,70,67,0,0,0,76,,,
18065327608911838,17841400539558029,hamletisntdead,"Hamlet Isn't Dead","Check out our friends at @arachne_theater 😍",3,"07/11/2025 04:48",,"IG story",,Lifetime,156,132,0,0,0,73,1,1,2
17995165145648218,17841400539558029,hamletisntdead,"Hamlet Isn't Dead",,15,"06/24/2025 07:05",,"IG story",,Lifetime,48,46,2,0,0,51,,,
17874730584362917,17841400539558029,hamletisntdead,"Hamlet Isn't Dead",@leilanidadivine,3,"06/22/2025 16:02",,"IG story",,Lifetime,113,98,3,0,0,80,,,
17872089168377911,17841400539558029,hamletisntdead,"Hamlet Isn't Dead",,5,"06/22/2025 15:54",,"IG story",,Lifetime,562,494,6,0,0,69,,,
17873665965368946,17841400539558029,hamletisntdead,"Hamlet Isn't Dead",,0,"06/22/2025 13:50",,"IG story",,Lifetime,76,68,2,0,0,78,,,6
18512507575004457,17841400539558029,hamletisntdead,"Hamlet Isn't Dead",,5,"06/22/2025 10:47",,"IG story",,Lifetime,77,66,1,0,0,77,,,2
18071855269939138,17841400539558029,hamletisntdead,"Hamlet Isn't Dead","It's the SMILE for us 🥰",0,"06/08/2025 13:46",,"IG story",,Lifetime,82,77,0,0,0,80,1,,
18301285933300886,17841400539558029,hamletisntdead,"Hamlet Isn't Dead","💞 💓",0,"06/07/2025 13:35",,"IG story",,Lifetime,96,91,3,0,0,93,,,
18059090747231370,17841400539558029,hamletisntdead,"Hamlet Isn't Dead",,15,"06/05/2025 07:22",,"IG story",,Lifetime,47,42,3,0,0,44,,,
17898937242197748,17841400539558029,hamletisntdead,"Hamlet Isn't Dead","Until next time, All Stars ✨️ @toomuch_tori 
@unsureofmyname 
@ladymaudlin 
@the_temporary_synesthetic 
@itsemmamueller",58,"06/02/2025 05:15",https://instagram.com/stories/hamletisntdead/3646079262491532601,"IG story",,Lifetime,380,298,6,0,0,97,,,74
17948531669986926,17841400539558029,hamletisntdead,"Hamlet Isn't Dead","@unsureofmyname  Unfortunately the body isn’t doing so well... ""This Cloten was a fool""",5,"06/01/2025 13:00",https://instagram.com/stories/hamletisntdead/3645588715176488296,"IG story",,Lifetime,172,146,4,0,1,92,1,,
18080861383809178,17841400539558029,hamletisntdead,"Hamlet Isn't Dead",,3,"06/01/2025 10:01",https://instagram.com/stories/hamletisntdead/3645498562428176354,"IG story",,Lifetime,53,47,1,0,0,51,,,
18101143573533501,17841400539558029,hamletisntdead,"Hamlet Isn't Dead",,0,"06/01/2025 09:07",https://instagram.com/stories/hamletisntdead/3645470999039328905,"IG story",,Lifetime,55,46,0,0,0,55,,,
18056587493191855,17841400539558029,hamletisntdead,"Hamlet Isn't Dead","Let's get nostalgic for our closing performance...",15,"06/01/2025 08:59",,"IG story",,Lifetime,54,45,0,0,0,57,,,
17935393563013737,17841400539558029,hamletisntdead,"Hamlet Isn't Dead",,6,"06/01/2025 07:10",https://instagram.com/stories/hamletisntdead/3645412347427282969,"IG story",,Lifetime,58,49,2,0,0,56,,,2
18068180236969519,17841400539558029,hamletisntdead,"Hamlet Isn't Dead","LAST DAY BEST DAY!!!",28,"06/01/2025 07:08",,"IG story",,Lifetime,56,50,2,0,0,61,,,
18507333883059489,17841400539558029,hamletisntdead,"Hamlet Isn't Dead",,3,"06/01/2025 07:06",https://instagram.com/stories/hamletisntdead/3645410084331920033,"IG story",,Lifetime,65,52,2,0,0,60,,,
18044289881618661,17841400539558029,hamletisntdead,"Hamlet Isn't Dead",,0,"06/01/2025 07:04",https://instagram.com/stories/hamletisntdead/3645409450505445494,"IG story",,Lifetime,69,57,2,0,0,74,1,,
18059190584336214,17841400539558029,hamletisntdead,"Hamlet Isn't Dead","Thanks for hanging today. 
Xoxo 
see you tomorrow for the show
 or we fight",10,"05/31/2025 20:26",https://instagram.com/stories/hamletisntdead/3645088244321113924,"IG story",,Lifetime,75,65,3,0,0,72,,,
18020449538649620,17841400539558029,hamletisntdead,"Hamlet Isn't Dead","Thanks for all the questions! It was just an ask me anything and not an answer anything tho ✨💕 If you’re mad about it, come see Cymbeline’s closing performance tomorrow and tell me about it",15,"05/31/2025 20:13",https://instagram.com/stories/hamletisntdead/3645081855095915322,"IG story",,Lifetime,75,67,4,0,1,78,,,
17931261701935422,17841400539558029,hamletisntdead,"Hamlet Isn't Dead","Idk bestie I’ve never seen the show",0,"05/31/2025 15:53",https://instagram.com/stories/hamletisntdead/3644950526681837908,"IG story",,Lifetime,81,67,3,0,0,86,,,
17966434670767995,17841400539558029,hamletisntdead,"Hamlet Isn't Dead",,19,"05/31/2025 14:12",https://instagram.com/stories/hamletisntdead/3644899973507485361,"IG story",,Lifetime,85,69,4,0,0,70,,,
18006020534769804,17841400539558029,hamletisntdead,"Hamlet Isn't Dead","Excellent question, it’s because of the insane amount of blackmail I have",15,"05/31/2025 10:39",https://instagram.com/stories/hamletisntdead/3644792953776953127,"IG story",,Lifetime,94,69,4,0,0,109,,,
17851667283463581,17841400539558029,hamletisntdead,"Hamlet Isn't Dead","Getting ready for the first of two shows get ur tickets and",0,"05/31/2025 10:15",https://instagram.com/stories/hamletisntdead/3644780594564085609,"IG story",,Lifetime,93,69,2,0,0,93,,,
18032642654668738,17841400539558029,hamletisntdead,"Hamlet Isn't Dead",,60,"05/31/2025 09:07",https://instagram.com/stories/hamletisntdead/3644746612321175937,"IG story",,Lifetime,89,69,5,0,0,91,,,
18094213954597618,17841400539558029,hamletisntdead,"Hamlet Isn't Dead","Let’s get ready for a two day show y’all",14,"05/31/2025 07:29",https://instagram.com/stories/hamletisntdead/3644697117831028622,"IG story",,Lifetime,88,68,6,0,2,93,2,,
17870013780280172,17841400539558029,hamletisntdead,"Hamlet Isn't Dead","This account is legally mine for 24 hours @toomuch_tori",10,"05/30/2025 21:03",https://instagram.com/stories/hamletisntdead/3644382029668602310,"IG story",,Lifetime,83,66,5,0,0,76,,,
17928109833060895,17841400539558029,hamletisntdead,"Hamlet Isn't Dead",,38,"05/30/2025 21:02",https://instagram.com/stories/hamletisntdead/3644381510120197972,"IG story",,Lifetime,88,69,3,0,0,95,,,
18065880035099742,17841400539558029,hamletisntdead,"Hamlet Isn't Dead","4 more chances to see... whatever this is",7,"05/30/2025 09:33",https://instagram.com/stories/hamletisntdead/3644034881706197838,"IG story",,Lifetime,57,50,4,0,1,55,,,
18504091828058701,17841400539558029,hamletisntdead,"Hamlet Isn't Dead","#tagstagram #love #instagood #photooftheday #fashion #beauty #happy #cute #like4like #picoftheday #follow #me #selfie #art #instadaily #friends #fun #like #igers #instalike",15,"05/30/2025 07:32",,"IG story",,Lifetime,52,48,0,0,0,58,,,
17854674672394338,17841400539558029,hamletisntdead,"Hamlet Isn't Dead","Just actors yknow in between scenes 🙂‍↕️ #tagstagram #love #instagood #photooftheday #fashion #beauty #happy #cute #like4like #picoftheday #follow #me #selfie #art #instadaily #friends #fun #like #igers #instalike @ladymaudlin @the_temporary_synesthetic  Okay now I’m done, see yall tmmrw 🫶🏾",15,"05/29/2025 19:24",https://instagram.com/stories/hamletisntdead/3643601044954024726,"IG story",,Lifetime,50,44,3,0,0,48,,,
18068955466977276,17841400539558029,hamletisntdead,"Hamlet Isn't Dead","@ladymaudlin @luigiscoolerbro  #tagstagram #love #instagood #photooftheday #fashion #beauty #happy #cute #like4like #picoftheday #follow #me #selfie #art #instadaily #friends #fun #like #igers #instalike",49,"05/29/2025 18:54",https://instagram.com/stories/hamletisntdead/3643599490326825025,"IG story",,Lifetime,51,40,1,0,0,43,,,
17910392022137617,17841400539558029,hamletisntdead,"Hamlet Isn't Dead","Me, my boy (ie the center of all my plans) and is, is that IMOGEN?!? #tagstagram #love #instagood #photooftheday #fashion #beauty #happy #cute #like4like #picoftheday #follow #me #selfie #art #instadaily #friends #fun #like #igers #instalike",15,"05/29/2025 17:40",https://instagram.com/stories/hamletisntdead/3643555259000419850,"IG story",,Lifetime,132,111,2,0,0,43,,,
17895046125235907,17841400539558029,hamletisntdead,"Hamlet Isn't Dead","#tagstagram #love #instagood #photooftheday #fashion #beauty #happy #cute #like4like #picoftheday #follow #me #selfie #art #instadaily #friends #fun #like #igers #instalike The first lord during Posty’s speech 😭",32,"05/29/2025 17:34",https://instagram.com/stories/hamletisntdead/3643554489806980279,"IG story",,Lifetime,48,38,0,0,0,41,,,
17894902629227504,17841400539558029,hamletisntdead,"Hamlet Isn't Dead","The Royal Court 👑 #tagstagram #love #instagood #photooftheday #fashion #beauty #happy #cute #like4like #picoftheday #follow #me #selfie #art #instadaily #friends #fun #like #igers #instalike",0,"05/29/2025 17:17",https://instagram.com/stories/hamletisntdead/3643543531818723315,"IG story",,Lifetime,296,239,2,0,0,49,,,
18128928427391295,17841400539558029,hamletisntdead,"Hamlet Isn't Dead","The Royal Couple 👸🏾👸🏾 #tagstagram #love #instagood #photooftheday #fashion #beauty #happy #cute #like4like #picoftheday #follow #me #selfie #art #instadaily #friends #fun #like #igers #instalike",15,"05/29/2025 17:10",https://instagram.com/stories/hamletisntdead/3643539985249494579,"IG story",,Lifetime,46,40,1,0,0,43,2,,
18032013434398507,17841400539558029,hamletisntdead,"Hamlet Isn't Dead","Pisanio and Queen: BFFLs 🥹🫶🏾 #tagstagram #love #instagood #photooftheday #fashion #beauty #happy #cute #like4like #picoftheday #follow #me #selfie #art #instadaily #friends #fun #like #igers #instalike",23,"05/29/2025 17:04",https://instagram.com/stories/hamletisntdead/3643538995821608344,"IG story",,Lifetime,48,41,1,0,0,46,,,
17859978696423004,17841400539558029,hamletisntdead,"Hamlet Isn't Dead","There goes Posthumous, trying to sneak his way back into Britain AGAIN 🙄 @luigiscoolerbro  #tagstagram #love #instagood #photooftheday #fashion #beauty #happy #cute #like4like #picoftheday #follow #me #selfie #art #instadaily #friends #fun #like #igers #instalike",6,"05/29/2025 17:02",https://instagram.com/stories/hamletisntdead/3643535777767071096,"IG story",,Lifetime,48,42,0,0,0,38,,,
18052714292367900,17841400539558029,hamletisntdead,"Hamlet Isn't Dead","@ladymaudlin asking the important questions 🙂‍↕️ #tagstagram #love #instagood #photooftheday #fashion #beauty #happy #cute #like4like #picoftheday #follow #me #selfie #art #instadaily #friends #fun #like #igers #instalike",14,"05/29/2025 16:14",https://instagram.com/stories/hamletisntdead/3643531067152455241,"IG story",,Lifetime,112,89,3,0,0,34,,,
18068362817507313,17841400539558029,hamletisntdead,"Hamlet Isn't Dead","#tagstagram #love #instagood #photooftheday #fashion #beauty #happy #cute #like4like #picoftheday #follow #me #selfie #art #instadaily #friends #fun #like #igers #instalike",8,"05/29/2025 16:10",https://instagram.com/stories/hamletisntdead/3643511357287677013,"IG story",,Lifetime,45,38,0,0,0,36,,,
17920657163984658,17841400539558029,hamletisntdead,"Hamlet Isn't Dead","#tagstagram #love #instagood #photooftheday #fashion #beauty #happy #cute #like4like #picoftheday #follow #me #selfie #art #instadaily #friends #fun #like #igers #instalike",25,"05/29/2025 16:07",https://instagram.com/stories/hamletisntdead/3643508527180886380,"IG story",,Lifetime,48,38,2,0,0,45,,,
18069497285060223,17841400539558029,hamletisntdead,"Hamlet Isn't Dead","#tagstagram #love #instagood #photooftheday #fashion #beauty #happy #cute #like4like #picoftheday #follow #me #selfie #art #instadaily #friends #fun #like #igers #instalike It’s you @ladymaudlin it’s always been you 😭 (Madeline is mad at me guys get her to forgive me)",15,"05/29/2025 16:03",https://instagram.com/stories/hamletisntdead/3643506455991743805,"IG story",,Lifetime,49,38,1,0,0,43,,,
18397120357118122,17841400539558029,hamletisntdead,"Hamlet Isn't Dead","#tagstagram #love #instagood #photooftheday #fashion #beauty #happy #cute #like4like #picoftheday #follow #me #selfie #art #instadaily #friends #fun #like #igers #instalike Thank you @unsureofmyname  you should be a casting director",60,"05/29/2025 16:01",https://instagram.com/stories/hamletisntdead/3643505416358037607,"IG story",,Lifetime,166,130,2,0,0,51,,,
18082657915685830,17841400539558029,hamletisntdead,"Hamlet Isn't Dead","@the_temporary_synesthetic  #tagstagram #love #instagood #photooftheday #fashion #beauty #happy #cute #like4like #picoftheday #follow #me #selfie #art #instadaily #friends #fun #like #igers #instalike",16,"05/29/2025 15:59",https://instagram.com/stories/hamletisntdead/3643503993708718308,"IG story",,Lifetime,200,159,2,0,0,39,,,
18073577008903037,17841400539558029,hamletisntdead,"Hamlet Isn't Dead","@toomuch_tori @itsemmamueller",19,"05/29/2025 15:47",https://instagram.com/stories/hamletisntdead/3643498141077509659,"IG story",,Lifetime,49,39,1,0,0,45,,,
18082478446738447,17841400539558029,hamletisntdead,"Hamlet Isn't Dead","One of my favorite fights  @reidywatson @unsureofmyname  Ft @ladymaudlin",8,"05/29/2025 15:45",https://instagram.com/stories/hamletisntdead/3643497395422573848,"IG story",,Lifetime,121,92,0,0,0,48,,,
18083267773731844,17841400539558029,hamletisntdead,"Hamlet Isn't Dead","@feribluee @reidywatson @jmcicalese  #tagstagram #love #instagood #photooftheday #fashion #beauty #happy #cute #like4like #picoftheday #follow #me #selfie #art #instadaily #friends #fun #like #igers #instalike",56,"05/29/2025 15:00",https://instagram.com/stories/hamletisntdead/3643474686982745950,"IG story",,Lifetime,152,124,3,0,0,55,,,
18042133649267075,17841400539558029,hamletisntdead,"Hamlet Isn't Dead","@jmcicalese @feribluee  #tagstagram #love #instagood #photooftheday #fashion #beauty #happy #cute #like4like #picoftheday #follow #me #selfie #art #instadaily #friends #fun #like #igers #instalike",59,"05/29/2025 14:56",https://instagram.com/stories/hamletisntdead/3643472833377055644,"IG story",,Lifetime,245,203,2,0,0,51,,,
18069465022814583,17841400539558029,hamletisntdead,"Hamlet Isn't Dead","@ladymaudlin guessed correctly immediately 😂 #tagstagram #love #instagood #photooftheday #fashion #beauty #happy #cute #like4like #picoftheday #follow #me #selfie #art #instadaily #friends #fun #like #igers #instalike Thank you @itsemmamueller for bringing her 🥹",8,"05/29/2025 14:52",https://instagram.com/stories/hamletisntdead/3643471586603520361,"IG story",,Lifetime,127,96,0,0,0,38,,,
17910538221032013,17841400539558029,hamletisntdead,"Hamlet Isn't Dead","Our beautiful surprise guest 🥹 #tagstagram #love #instagood #photooftheday #fashion #beauty #happy #cute #like4like #picoftheday #follow #me #selfie #art #instadaily #friends #fun #like #igers #instalike",11,"05/29/2025 14:49",https://instagram.com/stories/hamletisntdead/3643469128615352765,"IG story",,Lifetime,49,40,2,0,0,46,,,
18069356014982342,17841400539558029,hamletisntdead,"Hamlet Isn't Dead","#tagstagram #love #instagood #photooftheday #fashion #beauty #happy #cute #like4like #picoftheday #follow #me #selfie #art #instadaily #friends #fun #like #igers #instalike Getting glammed for our surprise guest 👀 Ft @ladymaudlin",37,"05/29/2025 14:48",https://instagram.com/stories/hamletisntdead/3643468554725696945,"IG story",,Lifetime,48,40,0,0,0,51,,,
17905771911057178,17841400539558029,hamletisntdead,"Hamlet Isn't Dead","#tagstagram #love #instagood #photooftheday #fashion #beauty #happy #cute #like4like #picoftheday #follow #me #selfie #art #instadaily #friends #fun #like #igers #instalike I usually tend to get here first so I like to set up the tea for all of us",11,"05/29/2025 14:43",https://instagram.com/stories/hamletisntdead/3643466102743781753,"IG story",,Lifetime,49,41,2,0,0,48,,,
18066942677054644,17841400539558029,hamletisntdead,"Hamlet Isn't Dead","#tagstagram #love #instagood #photooftheday #fashion #beauty #happy #cute #like4like #picoftheday #follow #me #selfie #art #instadaily #friends #fun #like #igers #instalike",22,"05/29/2025 13:51",https://instagram.com/stories/hamletisntdead/3643462839684530255,"IG story",,Lifetime,47,39,1,0,0,50,,,
18011450201737680,17841400539558029,hamletisntdead,"Hamlet Isn't Dead","#tagstagram #love #instagood #photooftheday #fashion #beauty #happy #cute #like4like #picoftheday #follow #me #selfie #art #instadaily #friends #fun #like #igers #instalike",22,"05/29/2025 13:48",https://instagram.com/stories/hamletisntdead/3643438538214984347,"IG story",,Lifetime,53,41,1,0,0,54,,,
17929348049942953,17841400539558029,hamletisntdead,"Hamlet Isn't Dead","#tagstagram #love #instagood #photooftheday #fashion #beauty #happy #cute #like4like #picoftheday #follow #me #selfie #art #instadaily #friends #fun #like #igers #instalike",45,"05/29/2025 13:46",https://instagram.com/stories/hamletisntdead/3643437347913406199,"IG story",,Lifetime,102,79,2,0,0,71,1,,
18054658874249387,17841400539558029,hamletisntdead,"Hamlet Isn't Dead","#tagstagram #love #instagood #photooftheday #fashion #beauty #happy #cute #like4like #picoftheday #follow #me #selfie #art #instadaily #friends #fun #like #igers #instalike Guys…",22,"05/29/2025 13:39",https://instagram.com/stories/hamletisntdead/3643433685614921407,"IG story",,Lifetime,87,66,2,0,0,53,,,
18029959268453948,17841400539558029,hamletisntdead,"Hamlet Isn't Dead","Guys I think I’m being followed 👀 #tagstagram #love #instagood #photooftheday #fashion #beauty #happy #cute #like4like #picoftheday #follow #me #selfie #art #instadaily #friends #fun #like #igers #instalike",10,"05/29/2025 13:33",https://instagram.com/stories/hamletisntdead/3643430509318932793,"IG story",,Lifetime,57,42,0,0,0,53,,,
17847407892457493,17841400539558029,hamletisntdead,"Hamlet Isn't Dead","How did that get there?! 👀 #tagstagram #love #instagood #photooftheday #fashion #beauty #happy #cute #like4like #picoftheday #follow #me #selfie #art #instadaily #friends #fun #like #igers #instalike",12,"05/29/2025 13:10",https://instagram.com/stories/hamletisntdead/3643419094352877612,"IG story",,Lifetime,56,43,1,0,0,55,,,
18173783317331251,17841400539558029,hamletisntdead,"Hamlet Isn't Dead","My favorite king 💕 #tagstagram #love #instagood #photooftheday #fashion #beauty #happy #cute #like4like #picoftheday #follow #me #selfie #art #instadaily #friends #fun #like #igers #instalike",12,"05/29/2025 13:04",https://instagram.com/stories/hamletisntdead/3643415991431840723,"IG story",,Lifetime,61,46,3,0,0,62,,,
18018497861706309,17841400539558029,hamletisntdead,"Hamlet Isn't Dead",,15,"05/29/2025 13:02",https://instagram.com/stories/hamletisntdead/3643415105049491204,"IG story",,Lifetime,59,46,0,0,1,65,,,
18079522537837952,17841400539558029,hamletisntdead,"Hamlet Isn't Dead","Wonder what I plan to do with these last 3 AUTOGRAPHED poster cards 👀 #tagstagram #love #instagood #photooftheday #fashion #beauty #happy #cute #like4like #picoftheday #follow #me #selfie #art #instadaily #friends #fun #like #igers #instalike",15,"05/29/2025 12:54",https://instagram.com/stories/hamletisntdead/3643411187259315275,"IG story",,Lifetime,60,47,0,0,0,58,,,
18007022750772481,17841400539558029,hamletisntdead,"Hamlet Isn't Dead","On my way to the theater 🙂‍↕️ Keep q’s rolling in👀 saving em for when I meet up with the rest of the cast  #tagstagram #love #instagood #photooftheday #fashion #beauty #happy #cute #like4like #picoftheday #follow #me #selfie #art #instadaily #friends #fun #like #igers #instalike",8,"05/29/2025 12:50",https://instagram.com/stories/hamletisntdead/3643408893948179227,"IG story",,Lifetime,66,51,1,0,0,63,,,
18100335964550388,17841400539558029,hamletisntdead,"Hamlet Isn't Dead","Tea? Steeped 
Yoga Class? Set
Routine? Sensational #tagstagram #love #instagood #photooftheday #fashion #beauty #happy #cute #like4like #picoftheday #follow #me #selfie #art #instadaily #friends #fun #like #igers #instalike In this house we stan @yogawithnico",15,"05/29/2025 09:24",https://instagram.com/stories/hamletisntdead/3643305215693256463,"IG story",,Lifetime,71,53,1,0,0,74,,,
18055641785522316,17841400539558029,hamletisntdead,"Hamlet Isn't Dead","#tagstagram #love #instagood #photooftheday #fashion #beauty #happy #cute #like4like #picoftheday #follow #me #selfie #art #instadaily #friends #fun #like #igers #instalike",22,"05/29/2025 09:11",https://instagram.com/stories/hamletisntdead/3643299108493124024,"IG story",,Lifetime,76,55,2,0,0,76,,,
18009802601684976,17841400539558029,hamletisntdead,"Hamlet Isn't Dead","ISSA TAKEOVER 😈 I’m Jaida, a Brooklyn Born & Raised Actor/Entertainer  In HID’s Cymbeline, I play Mother (MUVA), Queen and Arviragus (aka Ray Ray of the CAVE BOYZ) Come spend the day with me, ask questions and find out who our social guest is tonight 👀 📸: @osabenkenobi 
💄: @makeupbyrave  @leilanidadivine  #tagstagram #love #instagood #photooftheday #fashion #beauty #happy #cute #like4like #picoftheday #follow #me #selfie #art #instadaily #friends #fun #like #igers #instalike",15,"05/29/2025 08:35",https://instagram.com/stories/hamletisntdead/3643280938910738407,"IG story",,Lifetime,108,78,3,0,0,80,,,16
17947112306855711,17841400539558029,hamletisntdead,"Hamlet Isn't Dead",,28,"05/29/2025 05:04",https://instagram.com/stories/hamletisntdead/3643174837187884963,"IG story",,Lifetime,73,58,1,0,0,84,,,
18528131392037410,17841400539558029,hamletisntdead,"Hamlet Isn't Dead","THE PEOPLE HAVE SPOKEN Find out what audiences are saying about Cymbeline!",15,"05/29/2025 05:03",https://instagram.com/stories/hamletisntdead/3643174166267024504,"IG story",,Lifetime,79,62,1,0,0,100,1,,
18023234936504915,17841400539558029,hamletisntdead,"Hamlet Isn't Dead","@sophiaisprettycool 😍",3,"05/29/2025 03:56",,"IG story",,Lifetime,83,62,3,0,1,78,,,
18067679681486211,17841400539558029,hamletisntdead,"Hamlet Isn't Dead",,11,"05/28/2025 12:29",https://instagram.com/stories/hamletisntdead/3642673853052029205,"IG story",,Lifetime,63,48,0,0,1,74,1,,
18147126100346093,17841400539558029,hamletisntdead,"Hamlet Isn't Dead","#tagstagram #love #instagood #photooftheday #fashion #beauty #happy #cute #like4like #picoftheday #follow #me #selfie #art #instadaily #friends #fun #like #igers #instalike",28,"05/28/2025 12:05",https://instagram.com/stories/hamletisntdead/3642661603117589519,"IG story",,Lifetime,66,52,4,0,1,77,,,2
18060269164951749,17841400539558029,hamletisntdead,"Hamlet Isn't Dead",,55,"05/28/2025 09:40",https://instagram.com/stories/hamletisntdead/3642589289314074909,"IG story",,Lifetime,61,54,2,0,1,66,2,,
17927053707066179,17841400539558029,hamletisntdead,"Hamlet Isn't Dead","Did you see the show last week?",15,"05/27/2025 18:47",,"IG story",,Lifetime,61,56,1,0,0,62,,8,
18076363903884637,17841400539558029,hamletisntdead,"Hamlet Isn't Dead",,15,"05/27/2025 14:54",https://instagram.com/stories/hamletisntdead/3642021906166473057,"IG story",,Lifetime,58,56,2,0,0,61,1,,
18070988098758790,17841400539558029,hamletisntdead,"Hamlet Isn't Dead",,60,"05/27/2025 05:44",https://instagram.com/stories/hamletisntdead/3641745740020589994,"IG story",,Lifetime,69,58,1,0,0,74,1,,
18303564421246557,17841400539558029,hamletisntdead,"Hamlet Isn't Dead","diva is going to bed thanks for joining me today! IF U WANT TO KEEP UP WITH MY NONSENSE YOU CAN FOLLOW @LADYMAUDLIN",5,"05/26/2025 20:37",https://instagram.com/stories/hamletisntdead/3641469584998468333,"IG story",,Lifetime,70,57,2,0,0,66,1,,
18162672949356918,17841400539558029,hamletisntdead,"Hamlet Isn't Dead","THANKS TO EVERYONE WHO CAME TONIGHT!",0,"05/26/2025 18:48",https://instagram.com/stories/hamletisntdead/3641414914015976338,"IG story",,Lifetime,69,59,4,0,0,70,,,
18177196468324225,17841400539558029,hamletisntdead,"Hamlet Isn't Dead","@feribluee  The King is in",0,"05/26/2025 18:14",https://instagram.com/stories/hamletisntdead/3641397879965830574,"IG story",,Lifetime,153,133,2,0,0,71,,,
18385574455189181,17841400539558029,hamletisntdead,"Hamlet Isn't Dead",,18,"05/26/2025 16:11",https://instagram.com/stories/hamletisntdead/3641355634818546648,"IG story",,Lifetime,63,54,2,0,0,64,,,
18052960571340927,17841400539558029,hamletisntdead,"Hamlet Isn't Dead",,13,"05/26/2025 16:07",https://instagram.com/stories/hamletisntdead/3641334411757875011,"IG story",,Lifetime,60,52,3,0,0,66,,,
18082568149690484,17841400539558029,hamletisntdead,"Hamlet Isn't Dead",,16,"05/26/2025 16:05",https://instagram.com/stories/hamletisntdead/3641332708887202720,"IG story",,Lifetime,62,52,2,0,0,69,,,
18305646187243317,17841400539558029,hamletisntdead,"Hamlet Isn't Dead",,11,"05/26/2025 16:03",https://instagram.com/stories/hamletisntdead/3641332078768374748,"IG story",,Lifetime,62,52,2,0,0,55,,,
18064819846872693,17841400539558029,hamletisntdead,"Hamlet Isn't Dead","The lobby is open
See y’all soon!",5,"05/26/2025 16:03",https://instagram.com/stories/hamletisntdead/3641331831950540526,"IG story",,Lifetime,59,52,1,0,0,62,,,
18030810149421155,17841400539558029,hamletisntdead,"Hamlet Isn't Dead","A wee preshow warmup",13,"05/26/2025 15:58",https://instagram.com/stories/hamletisntdead/3641329333218992452,"IG story",,Lifetime,60,53,2,0,0,61,,,
18100695682533615,17841400539558029,hamletisntdead,"Hamlet Isn't Dead","A death in a Southern Town",0,"05/26/2025 15:55",https://instagram.com/stories/hamletisntdead/3641327899328931220,"IG story",,Lifetime,140,113,4,0,1,79,,,
18125402407446866,17841400539558029,hamletisntdead,"Hamlet Isn't Dead","@leilanidadivine  Fights can be silly goofy too 👀",9,"05/26/2025 15:43",https://instagram.com/stories/hamletisntdead/3641321788563744576,"IG story",,Lifetime,105,86,5,0,0,72,,,
18384642679188076,17841400539558029,hamletisntdead,"Hamlet Isn't Dead","Pay what you can at the door is cash and Venmo ONLY!!",5,"05/26/2025 15:38",https://instagram.com/stories/hamletisntdead/3641319506551984770,"IG story",,Lifetime,61,54,2,0,0,74,,,
18032284448382945,17841400539558029,hamletisntdead,"Hamlet Isn't Dead","The goils are fighting !!",6,"05/26/2025 15:35",https://instagram.com/stories/hamletisntdead/3641317780017047295,"IG story",,Lifetime,64,55,4,0,0,72,,,
18086954815651898,17841400539558029,hamletisntdead,"Hamlet Isn't Dead","Did someone say tonight is pay what you can at the door???

Whaaaaaaat?",0,"05/26/2025 15:32",https://instagram.com/stories/hamletisntdead/3641316271820705668,"IG story",,Lifetime,63,56,6,0,1,72,1,,
18087251854646769,17841400539558029,hamletisntdead,"Hamlet Isn't Dead",,14,"05/26/2025 15:22",https://instagram.com/stories/hamletisntdead/3641311066144150220,"IG story",,Lifetime,62,55,2,0,0,62,,,
17972242001891056,17841400539558029,hamletisntdead,"Hamlet Isn't Dead","It was beautiful. I took the tram. You should take the tram. Once. It was very busy but beautiful.  I was in Roosevelt Island Friends I’m back.",0,"05/26/2025 14:49",https://instagram.com/stories/hamletisntdead/3641294764310699796,"IG story",,Lifetime,62,54,3,0,0,68,,,
18068358616822783,17841400539558029,hamletisntdead,"Hamlet Isn't Dead","Anyways how’s everyone’s day going? Hope y’all are off Enjoying the sun? Home with the cats? If ur working tell ur boss  I said u r good 2 leave early",0,"05/26/2025 11:18",https://instagram.com/stories/hamletisntdead/3641188478315276804,"IG story",,Lifetime,60,55,3,0,0,65,,,
17854391883398160,17841400539558029,hamletisntdead,"Hamlet Isn't Dead",HIDIOTS2025,12,"05/26/2025 11:12",https://instagram.com/stories/hamletisntdead/3641185580193693811,"IG story",,Lifetime,62,54,0,0,0,61,,,
18049494467595844,17841400539558029,hamletisntdead,"Hamlet Isn't Dead",,17,"05/26/2025 11:10",https://instagram.com/stories/hamletisntdead/3641184755996400254,"IG story",,Lifetime,62,55,0,0,0,59,,,
17912806305104831,17841400539558029,hamletisntdead,"Hamlet Isn't Dead",,16,"05/26/2025 11:10",https://instagram.com/stories/hamletisntdead/3641184386452939285,"IG story",,Lifetime,70,57,0,0,0,65,,,
18051537503078428,17841400539558029,hamletisntdead,"Hamlet Isn't Dead",,15,"05/26/2025 09:29",,"IG story",,Lifetime,75,59,1,1,0,107,1,,
18401921617111557,17841400539558029,hamletisntdead,"Hamlet Isn't Dead","2 Truths and a Lie: Cymbeline Edition",5,"05/26/2025 09:03",https://instagram.com/stories/hamletisntdead/3641120473640270400,"IG story",,Lifetime,78,63,1,0,0,75,,,
17993216273803244,17841400539558029,hamletisntdead,"Hamlet Isn't Dead",,23,"05/26/2025 08:21",https://instagram.com/stories/hamletisntdead/3641102173229082106,"IG story",,Lifetime,83,67,3,0,0,78,,,
18073114171737925,17841400539558029,hamletisntdead,"Hamlet Isn't Dead","Instagram takeover loading…",5,"05/26/2025 08:09",https://instagram.com/stories/hamletisntdead/3641093399718159198,"IG story",,Lifetime,84,69,1,0,0,83,,,
18072692017927648,17841400539558029,hamletisntdead,"Hamlet Isn't Dead",,29,"05/26/2025 07:33",https://instagram.com/stories/hamletisntdead/3641075666896901145,"IG story",,Lifetime,88,74,5,0,0,91,,,
18065173463088486,17841400539558029,hamletisntdead,"Hamlet Isn't Dead","Is this thing on?",0,"05/26/2025 06:42",https://instagram.com/stories/hamletisntdead/3641049678939270156,"IG story",,Lifetime,104,85,3,0,0,106,1,,
18036078092637833,17841400539558029,hamletisntdead,"Hamlet Isn't Dead",,15,"05/25/2025 13:39",https://instagram.com/stories/hamletisntdead/3640534758615617848,"IG story",,Lifetime,76,69,3,0,0,73,,,
17909890461135824,17841400539558029,hamletisntdead,"Hamlet Isn't Dead",,0,"05/25/2025 09:30",https://instagram.com/stories/hamletisntdead/3640409154226075823,"IG story",,Lifetime,83,76,3,0,0,92,,,
18279305167269768,17841400539558029,hamletisntdead,"Hamlet Isn't Dead","Enter the world of Cymbelmeme...
Closing in one week!",28,"05/24/2025 21:46",https://instagram.com/stories/hamletisntdead/3640055508925421434,"IG story",,Lifetime,93,84,2,0,0,97,,,
17920278395983009,17841400539558029,hamletisntdead,"Hamlet Isn't Dead","Impromptu Adele-based warmup @adele 
@itsemmamueller 
@toomuch_tori 
@jmcicalese 
@ladymaudlin 
@the_temporary_synesthetic  @leilanidadivine 
@camila.calderon 
@reidywatson 
@n.gre9319 
@unsureofmyname 
@feribluee",60,"05/24/2025 16:15",https://instagram.com/stories/hamletisntdead/3639888705767099847,"IG story",,Lifetime,430,340,5,0,0,123,1,,1
18057381185191034,17841400539558029,hamletisntdead,"Hamlet Isn't Dead",,19,"05/23/2025 20:13",https://instagram.com/stories/hamletisntdead/3639283553154694815,"IG story",,Lifetime,86,75,2,0,0,88,,,5
17903523597178597,17841400539558029,hamletisntdead,"Hamlet Isn't Dead","We really, really, really, really, really, really like @toomuch_tori",30,"05/23/2025 19:21",https://instagram.com/stories/hamletisntdead/3639257121749871344,"IG story",,Lifetime,83,74,5,2,0,86,2,,2
17869457985280609,17841400539558029,hamletisntdead,"Hamlet Isn't Dead",,10,"05/23/2025 12:30",https://instagram.com/stories/hamletisntdead/3639050289412977309,"IG story",,Lifetime,61,56,1,0,1,75,,,
17911173288134944,17841400539558029,hamletisntdead,"Hamlet Isn't Dead",,8,"05/23/2025 12:28",https://instagram.com/stories/hamletisntdead/3639049548086409501,"IG story",,Lifetime,66,61,2,0,0,75,,,
18134296333413669,17841400539558029,hamletisntdead,"Hamlet Isn't Dead",,15,"05/23/2025 12:24",https://instagram.com/stories/hamletisntdead/3639047265932113003,"IG story",,Lifetime,71,66,4,0,0,74,1,1,
18501668632006475,17841400539558029,hamletisntdead,"Hamlet Isn't Dead",,0,"05/23/2025 08:18",,"IG story",,Lifetime,71,61,3,0,0,75,,,2
18372136243132584,17841400539558029,hamletisntdead,"Hamlet Isn't Dead","Saw the show and wanna show some love?? Submit a review on SHOWSCORE!",0,"05/22/2025 21:03",https://instagram.com/stories/hamletisntdead/3638583946468778343,"IG story",,Lifetime,79,64,3,0,0,78,,6,
17987898089666824,17841400539558029,hamletisntdead,"Hamlet Isn't Dead",,15,"05/22/2025 20:32",,"IG story",,Lifetime,49,42,2,0,0,58,2,,2
18468324994069127,17841400539558029,hamletisntdead,"Hamlet Isn't Dead",,15,"03/15/2025 14:33",https://instagram.com/stories/hamletisntdead/3589102689704649768,"IG story",,Lifetime,99,92,0,0,0,102,,2,
18063388061029172,17841400539558029,hamletisntdead,"Hamlet Isn't Dead",,0,"05/22/2025 20:14",https://instagram.com/stories/hamletisntdead/3638559216105695845,"IG story",,Lifetime,68,58,1,0,0,75,,,5
18024604193692792,17841400539558029,hamletisntdead,"Hamlet Isn't Dead",,0,"05/22/2025 17:41",https://instagram.com/stories/hamletisntdead/3638482169929047158,"IG story",,Lifetime,67,54,2,0,0,69,,,6
17963406221776405,17841400539558029,hamletisntdead,"Hamlet Isn't Dead",@jmcicalese,27,"05/22/2025 17:25",https://instagram.com/stories/hamletisntdead/3638474354565110572,"IG story",,Lifetime,136,109,3,0,0,63,,,2
18208789480306925,17841400539558029,hamletisntdead,"Hamlet Isn't Dead","We love to laugh here",8,"05/22/2025 17:22",https://instagram.com/stories/hamletisntdead/3638472657692448581,"IG story",,Lifetime,65,56,3,0,1,55,,,
18071884954929159,17841400539558029,hamletisntdead,"Hamlet Isn't Dead","It is…
wut u gonna do
about it xp",0,"05/22/2025 17:17",https://instagram.com/stories/hamletisntdead/3638469860418903220,"IG story",,Lifetime,66,56,2,0,0,71,,,1
17849312379437805,17841400539558029,hamletisntdead,"Hamlet Isn't Dead",,15,"05/22/2025 17:16",https://instagram.com/stories/hamletisntdead/3638469439167954254,"IG story",,Lifetime,73,57,4,0,0,78,,,
17894271447234424,17841400539558029,hamletisntdead,"Hamlet Isn't Dead","@jmcicalese 
@ladymaudlin 
@luigiscoolerbro 
@unsureofmyname 
@toomuch_tori 
@leilanidadivine 
@feribluee 
@reidywatson 
@the_temporary_synesthetic 
@itsemmamueller",13,"05/22/2025 16:47",https://instagram.com/stories/hamletisntdead/3638454824635613912,"IG story",,Lifetime,298,231,3,0,0,68,,,
17967078194898492,17841400539558029,hamletisntdead,"Hamlet Isn't Dead",,0,"05/22/2025 16:42",,"IG story",,Lifetime,63,54,3,0,0,62,,,2
17886291390164718,17841400539558029,hamletisntdead,"Hamlet Isn't Dead",,0,"05/22/2025 16:07",https://instagram.com/stories/hamletisntdead/3638435095678064875,"IG story",,Lifetime,78,64,4,0,0,74,,,
18051114575343210,17841400539558029,hamletisntdead,"Hamlet Isn't Dead","@itsemmamueller 
Pt. 2",26,"05/22/2025 13:29",,"IG story",,Lifetime,161,108,2,0,0,93,,,
17853474435444781,17841400539558029,hamletisntdead,"Hamlet Isn't Dead","@itsemmamueller 
(No camp rock on insta, so here’s part 1)",26,"05/22/2025 13:28",https://instagram.com/stories/hamletisntdead/3638354713856194220,"IG story",,Lifetime,296,222,1,0,0,88,,,
17933236824040923,17841400539558029,hamletisntdead,"Hamlet Isn't Dead",😍,15,"05/22/2025 13:13",,"IG story",,Lifetime,76,58,7,0,1,82,1,,5
18006733574757188,17841400539558029,hamletisntdead,"Hamlet Isn't Dead","@toomuch_tori @itsemmamueller 
@the_temporary_synesthetic 
@luigiscoolerbro 
@feribluee 
@reidywatson 
@leilanidadivine 
@ladymaudlin 
@jmcicalese 
@unsureofmyname",26,"05/22/2025 13:02",,"IG story",,Lifetime,359,272,3,0,1,97,,,
18499225594025925,17841400539558029,hamletisntdead,"Hamlet Isn't Dead",,15,"05/22/2025 12:52",,"IG story",,Lifetime,84,63,5,0,1,97,,,
17954765636811160,17841400539558029,hamletisntdead,"Hamlet Isn't Dead",,27,"05/22/2025 09:40",https://instagram.com/stories/hamletisntdead/3638240067647513807,"IG story",,Lifetime,101,73,5,0,1,107,3,,
18041429816536383,17841400539558029,hamletisntdead,"Hamlet Isn't Dead","“Some of you may die, but that is a sacrifice I’m willing to make”-Posthumous probably",28,"05/22/2025 09:37",,"IG story",,Lifetime,95,70,6,0,1,107,1,2,
18370458016134612,17841400539558029,hamletisntdead,"Hamlet Isn't Dead",,15,"05/22/2025 09:29",,"IG story",,Lifetime,94,72,3,0,1,118,,,4
18035329172338752,17841400539558029,hamletisntdead,"Hamlet Isn't Dead","Therapist: Shadow MTK isn't real, he can't hurt you.

Shadow MTK: @unsureofmyname  There is only one way to appease Shadow MTK.",0,"05/22/2025 09:27",https://instagram.com/stories/hamletisntdead/3638233294802892989,"IG story",,Lifetime,186,148,7,0,0,103,1,,
18068185790292646,17841400539558029,hamletisntdead,"Hamlet Isn't Dead",,5,"05/21/2025 13:43",,"IG story",,Lifetime,68,56,3,0,1,71,,,8
18155654626366204,17841400539558029,hamletisntdead,"Hamlet Isn't Dead",,10,"05/21/2025 12:35",,"IG story",,Lifetime,57,52,2,0,0,62,,,2
18329801662161402,17841400539558029,hamletisntdead,"Hamlet Isn't Dead","Thank you to our Imogen, @jmcicalese for demonstrating how to use the discount code!",35,"05/21/2025 07:45",,"IG story",,Lifetime,65,61,5,0,1,68,,2,
18086179252648501,17841400539558029,hamletisntdead,"Hamlet Isn't Dead",,15,"05/20/2025 08:14",https://instagram.com/stories/hamletisntdead/3636747302941806361,"IG story",,Lifetime,89,84,5,0,1,94,,,
18080038741691540,17841400539558029,hamletisntdead,"Hamlet Isn't Dead","Happy birthday to our Company Director and the Director of Cymbeline... VALERIE PETER CHONG!! 30 never looked so good 👏🎉😎 use code HIDIOTS2025 for a sweet discount",15,"05/20/2025 06:19",https://instagram.com/stories/hamletisntdead/3636689180466791764,"IG story",,Lifetime,104,99,9,0,2,103,,,
18027717776473787,17841400539558029,hamletisntdead,"Hamlet Isn't Dead","Indie theatre(and Nick) needs your help. 

Tag an indie theatre company with a production going up!

#standoutchallenge",39,"05/19/2025 09:55",https://instagram.com/stories/hamletisntdead/3636075326233812481,"IG story",,Lifetime,87,83,5,0,1,89,,,
18040342379559151,17841400539558029,hamletisntdead,"Hamlet Isn't Dead","@feribluee  @jmcicalese  @reidywatson  IT'S OPENING WEEK!!!",11,"05/19/2025 05:12",https://instagram.com/stories/hamletisntdead/3635930981283397591,"IG story",,Lifetime,316,262,4,0,0,96,,,
17880311943301220,17841400539558029,hamletisntdead,"Hamlet Isn't Dead","Serious shakespearean actor @toomuch_tori",0,"05/17/2025 11:12",https://instagram.com/stories/hamletisntdead/3634662715634405264,"IG story",,Lifetime,360,330,3,0,1,215,2,,7
18142422430354885,17841400539558029,hamletisntdead,"Hamlet Isn't Dead",,15,"05/16/2025 15:01",https://instagram.com/stories/hamletisntdead/3634053150588858188,"IG story",,Lifetime,66,62,1,0,0,72,,,
17843673618488736,17841400539558029,hamletisntdead,"Hamlet Isn't Dead",,5,"05/16/2025 13:32",https://instagram.com/stories/hamletisntdead/3634008345305450241,"IG story",,Lifetime,56,51,3,0,0,48,,,
18057575393231119,17841400539558029,hamletisntdead,"Hamlet Isn't Dead",,0,"05/16/2025 13:27",,"IG story",,Lifetime,52,47,0,0,0,64,,,
17965012196766431,17841400539558029,hamletisntdead,"Hamlet Isn't Dead",,15,"05/16/2025 13:26",,"IG story",,Lifetime,51,48,4,0,0,62,,,
18067912294789218,17841400539558029,hamletisntdead,"Hamlet Isn't Dead",,15,"05/16/2025 09:04",,"IG story",,Lifetime,53,46,2,0,0,66,,,
17957156408933040,17841400539558029,hamletisntdead,"Hamlet Isn't Dead",@reidywatson,15,"05/16/2025 07:54",https://instagram.com/stories/hamletisntdead/3633837958684341382,"IG story",,Lifetime,139,109,4,0,0,65,,,4
18066758041818184,17841400539558029,hamletisntdead,"Hamlet Isn't Dead",,15,"05/15/2025 05:38",https://instagram.com/stories/hamletisntdead/3633044923591854801,"IG story",,Lifetime,56,53,0,0,0,58,,,
17850594342453130,17841400539558029,hamletisntdead,"Hamlet Isn't Dead","We are all being extremely vulnerable rn 👇",45,"05/13/2025 05:59",https://instagram.com/stories/hamletisntdead/3631606014664085381,"IG story",,Lifetime,70,62,2,0,0,61,2,,
18055480835225335,17841400539558029,hamletisntdead,"Hamlet Isn't Dead","See our posters around NYC? Make sure you tag us and let us know we have been spotted!! 👀",9,"05/11/2025 15:41",https://instagram.com/stories/hamletisntdead/3630449350703154787,"IG story",,Lifetime,174,166,4,0,1,156,1,,4
18032662409351711,17841400539558029,hamletisntdead,"Hamlet Isn't Dead",,11,"05/10/2025 08:03",https://instagram.com/stories/hamletisntdead/3629494335129846694,"IG story",,Lifetime,94,88,2,0,0,101,1,1,
18056153593993942,17841400539558029,hamletisntdead,"Hamlet Isn't Dead","Little known fact that one of a director's main responsibilities is to carry way too much on the subway Heading to Rehearsal!",11,"05/10/2025 07:45",https://instagram.com/stories/hamletisntdead/3629484912718325770,"IG story",,Lifetime,100,94,5,0,2,106,,,
18111236104436183,17841400539558029,hamletisntdead,"Hamlet Isn't Dead","@unsureofmyname 
@itsemmamueller 
@toomuch_tori 
@the_temporary_synesthetic  @ladymaudlin 
@duke_n1014 
@fenningermomo",9,"05/09/2025 19:37",https://instagram.com/stories/hamletisntdead/3629118796737151168,"IG story",,Lifetime,266,225,3,0,0,111,1,2,
18059374579929127,17841400539558029,hamletisntdead,"Hamlet Isn't Dead","Yes, we are a Shakespeare company. Why do you ask?",21,"05/08/2025 06:04",https://instagram.com/stories/hamletisntdead/3627984408037488364,"IG story",,Lifetime,66,55,3,0,1,65,1,,
17918658710981800,17841400539558029,hamletisntdead,"Hamlet Isn't Dead",,15,"05/06/2025 06:24",https://instagram.com/stories/hamletisntdead/3626544959118217210,"IG story",,Lifetime,65,51,2,0,0,54,,2,
18067762495792361,17841400539558029,hamletisntdead,"Hamlet Isn't Dead","NEW POST! @",15,"05/05/2025 05:47",https://instagram.com/stories/hamletisntdead/3625801409799712509,"IG story",,Lifetime,65,60,0,0,0,62,1,,
18304791592208437,17841400539558029,hamletisntdead,"Hamlet Isn't Dead",,15,"05/03/2025 15:01",https://instagram.com/stories/hamletisntdead/3624630920440223038,"IG story",,Lifetime,99,93,2,0,0,98,1,,
18367079257132725,17841400539558029,hamletisntdead,"Hamlet Isn't Dead","HIDiot sighting!!!
@butjdisbetter",0,"05/03/2025 07:58",,"IG story",,Lifetime,132,124,4,0,0,139,1,,
18116419177461034,17841400539558029,hamletisntdead,"Hamlet Isn't Dead",,4,"04/30/2025 12:00",https://instagram.com/stories/hamletisntdead/3622365519530584271,"IG story",,Lifetime,116,107,1,0,0,49,,,
17874509436340514,17841400539558029,hamletisntdead,"Hamlet Isn't Dead",,15,"04/30/2025 07:59",,"IG story",,Lifetime,42,40,2,0,0,47,1,,
17941300731004987,17841400539558029,hamletisntdead,"Hamlet Isn't Dead",,18,"04/30/2025 07:58",,"IG story",,Lifetime,46,43,4,0,0,43,,,
17903068629057079,17841400539558029,hamletisntdead,"Hamlet Isn't Dead",,15,"04/29/2025 11:12",,"IG story",,Lifetime,51,45,3,0,0,61,,1,
17930323551030388,17841400539558029,hamletisntdead,"Hamlet Isn't Dead",,15,"04/29/2025 10:18",https://instagram.com/stories/hamletisntdead/3621589440683176359,"IG story",,Lifetime,99,78,4,0,1,78,,9,
18054432566002947,17841400539558029,hamletisntdead,"Hamlet Isn't Dead","Jumpscare at the end... 😏",60,"04/28/2025 06:08",https://instagram.com/stories/hamletisntdead/3620739356429005524,"IG story",,Lifetime,81,74,1,0,0,84,1,,
18000928469607845,17841400539558029,hamletisntdead,"Hamlet Isn't Dead","@reidywatson 
@jmcicalese 
@unsureofmyname 
@toomuch_tori 
@itsemmamueller 
@fenningermomo 
@duke_n1014",18,"04/26/2025 10:36",https://instagram.com/stories/hamletisntdead/3619424062003496567,"IG story",,Lifetime,285,243,7,0,0,114,1,,
18341651299082909,17841400539558029,hamletisntdead,"Hamlet Isn't Dead","@itsemmamueller showing ADAPTABILITY in a rehearsal studio without a piano 😅 @toomuch_tori 
@unsureofmyname",12,"04/26/2025 10:35",https://instagram.com/stories/hamletisntdead/3619423332001839376,"IG story",,Lifetime,277,239,4,0,0,94,,,
18454871605075743,17841400539558029,hamletisntdead,"Hamlet Isn't Dead","Band rehearsal!! @reidywatson 
@unsureofmyname 
@ladymaudlin 
@itsemmamueller 
@the_temporary_synesthetic 
@toomuch_tori",24,"04/23/2025 17:37",https://instagram.com/stories/hamletisntdead/3617461672613439977,"IG story",,Lifetime,642,543,9,1,0,143,1,,11
18086382772620764,17841400539558029,hamletisntdead,"Hamlet Isn't Dead","We love this guy.
💕Happy birthday bud. 💕",15,"04/23/2025 10:26",,"IG story",,Lifetime,107,96,7,0,2,123,,,
17927835723027835,17841400539558029,hamletisntdead,"Hamlet Isn't Dead","SUBMISSIONS DUE THIS THURSDAY!!",0,"04/22/2025 09:42",,"IG story",,Lifetime,114,100,3,0,0,126,1,,
18058330568129052,17841400539558029,hamletisntdead,"Hamlet Isn't Dead","Pay what you will until May 8!",15,"04/22/2025 06:07",,"IG story",,Lifetime,64,56,2,0,0,69,,2,
18267165775286747,17841400539558029,hamletisntdead,"Hamlet Isn't Dead","Oh btw...",15,"04/22/2025 06:02",https://instagram.com/stories/hamletisntdead/3616386822745390961,"IG story",,Lifetime,69,59,2,0,0,71,1,2,
17864348733379701,17841400539558029,hamletisntdead,"Hamlet Isn't Dead",,23,"04/22/2025 06:00",https://instagram.com/stories/hamletisntdead/3616386384549827086,"IG story",,Lifetime,74,61,3,0,0,68,1,,
18131088553419329,17841400539558029,hamletisntdead,"Hamlet Isn't Dead",,15,"04/18/2025 11:13",https://instagram.com/stories/hamletisntdead/3613644428716922124,"IG story",,Lifetime,97,91,0,0,0,103,,,
18067532366498190,17841400539558029,hamletisntdead,"Hamlet Isn't Dead",,15,"04/18/2025 07:21",,"IG story",,Lifetime,77,74,4,0,0,88,1,,
18320121328201709,17841400539558029,hamletisntdead,"Hamlet Isn't Dead",,15,"04/16/2025 07:54",,"IG story",,Lifetime,53,52,2,0,0,54,,,
17952974999944342,17841400539558029,hamletisntdead,"Hamlet Isn't Dead","So unbelievably proud of this crew!!! 😭 @gabrielcethridge 
@natalie_deboer 
@aaronanthonymoore 
@reidywatson 
@ladymaudlin 
@b.carty23",13,"04/14/2025 19:06",,"IG story",,Lifetime,308,260,7,0,2,97,1,,
18075450538828641,17841400539558029,hamletisntdead,"Hamlet Isn't Dead","Closing night...😥 @ladymaudlin",8,"04/14/2025 15:34",,"IG story",,Lifetime,166,143,6,0,0,92,,,4
18352308916150054,17841400539558029,hamletisntdead,"Hamlet Isn't Dead",,3,"04/14/2025 10:09",,"IG story",,Lifetime,77,73,3,0,0,72,,,
18056578052326677,17841400539558029,hamletisntdead,"Hamlet Isn't Dead","AND it's the last chance to see When My Cue Comes!",15,"04/13/2025 08:50",,"IG story",,Lifetime,72,67,3,0,0,78,1,3,
18064533469954618,17841400539558029,hamletisntdead,"Hamlet Isn't Dead",,0,"04/12/2025 11:44",,"IG story",,Lifetime,71,67,2,0,0,78,,,
18063819106966051,17841400539558029,hamletisntdead,"Hamlet Isn't Dead",,15,"04/12/2025 11:12",,"IG story",,Lifetime,76,71,5,0,0,82,,,
18042728432612638,17841400539558029,hamletisntdead,"Hamlet Isn't Dead",,0,"04/12/2025 05:32",,"IG story",,Lifetime,159,151,5,0,0,165,1,,
18002140973766640,17841400539558029,hamletisntdead,"Hamlet Isn't Dead",,15,"04/09/2025 10:59",,"IG story",,Lifetime,51,49,2,0,0,62,1,,
18025923419426508,17841400539558029,hamletisntdead,"Hamlet Isn't Dead","Which character from When My Cue Comes are you? (apparently these still exist!)",0,"04/09/2025 09:23",,"IG story",,Lifetime,58,49,3,0,0,60,,8,
18161298100346525,17841400539558029,hamletisntdead,"Hamlet Isn't Dead",,3,"04/09/2025 08:41",,"IG story",,Lifetime,56,51,1,0,0,55,1,,
18024960722454501,17841400539558029,hamletisntdead,"Hamlet Isn't Dead",,0,"04/08/2025 04:07",,"IG story",,Lifetime,74,70,5,0,0,89,,,
18038287481260171,17841400539558029,hamletisntdead,"Hamlet Isn't Dead",,3,"04/08/2025 04:06",,"IG story",,Lifetime,79,72,3,0,0,63,,,
18077184472775938,17841400539558029,hamletisntdead,"Hamlet Isn't Dead",,11,"04/07/2025 05:40",https://instagram.com/stories/hamletisntdead/3605504547389791159,"IG story",,Lifetime,75,69,0,0,0,64,,,
18356559559179021,17841400539558029,hamletisntdead,"Hamlet Isn't Dead",,15,"04/06/2025 08:44",,"IG story",,Lifetime,71,68,4,0,0,67,,,
18274233694248966,17841400539558029,hamletisntdead,"Hamlet Isn't Dead",,5,"04/05/2025 13:05",,"IG story",,Lifetime,60,57,2,0,1,64,,,
18104023168504579,17841400539558029,hamletisntdead,"Hamlet Isn't Dead",@undergroundskillsx,5,"04/05/2025 13:04",,"IG story",,Lifetime,60,58,1,0,0,65,,,
18318114367203135,17841400539558029,hamletisntdead,"Hamlet Isn't Dead","Having THE MOST FUN!",5,"04/05/2025 11:28",,"IG story",,Lifetime,68,63,3,0,0,72,,,
18039158594215159,17841400539558029,hamletisntdead,"Hamlet Isn't Dead",@undergroundskillsx,6,"04/05/2025 11:04",,"IG story",,Lifetime,68,63,2,0,0,64,,,2
18004988450576913,17841400539558029,hamletisntdead,"Hamlet Isn't Dead","🙌🏼Posthumus Leonatus🙌🏼",15,"04/04/2025 07:12",,"IG story",,Lifetime,83,80,3,0,0,89,1,,
18078306265736964,17841400539558029,hamletisntdead,"Hamlet Isn't Dead",,15,"04/03/2025 06:32",https://instagram.com/stories/hamletisntdead/3602631552614926228,"IG story",,Lifetime,59,55,3,0,0,63,,1,
18064455601783984,17841400539558029,hamletisntdead,"Hamlet Isn't Dead","@gabrielcethridge 
@natalie_deboer 
@aaronanthonymoore 
@ladymaudlin 
@reidywatson",10,"04/02/2025 18:35",https://instagram.com/stories/hamletisntdead/3602270351435121390,"IG story",,Lifetime,164,142,4,0,0,73,,,
18061560617314230,17841400539558029,hamletisntdead,"Hamlet Isn't Dead",,9,"04/02/2025 11:59",https://instagram.com/stories/hamletisntdead/3602071000184777485,"IG story",,Lifetime,81,76,9,0,2,83,,,
17872084335332095,17841400539558029,hamletisntdead,"Hamlet Isn't Dead","We had such a blast!!
Congrats to panelist @laura.j.betz @undergroundskillsx  @assleydawn",15,"04/02/2025 09:38",,"IG story",,Lifetime,213,203,4,0,0,102,,,
18063011089978802,17841400539558029,hamletisntdead,"Hamlet Isn't Dead","We're famous!!!",0,"04/02/2025 07:38",https://instagram.com/stories/hamletisntdead/3601939730171231495,"IG story",,Lifetime,155,135,20,0,5,147,,5,
18036152441275308,17841400539558029,hamletisntdead,"Hamlet Isn't Dead",,5,"04/01/2025 07:51",https://instagram.com/stories/hamletisntdead/3601221359654013707,"IG story",,Lifetime,65,59,2,0,0,67,,,
18056948240146031,17841400539558029,hamletisntdead,"Hamlet Isn't Dead",@gabrielcethridge,0,"03/31/2025 17:42",https://instagram.com/stories/hamletisntdead/3600794353585696129,"IG story",,Lifetime,115,89,2,0,0,74,,,
17992963760787942,17841400539558029,hamletisntdead,"Hamlet Isn't Dead",@sophiaisprettycool,10,"03/31/2025 17:42",https://instagram.com/stories/hamletisntdead/3600794209083510156,"IG story",,Lifetime,63,62,5,0,0,73,,,
17888985048218046,17841400539558029,hamletisntdead,"Hamlet Isn't Dead",,15,"03/31/2025 07:35",https://instagram.com/stories/hamletisntdead/3600488981611277580,"IG story",,Lifetime,67,62,3,0,0,76,,,
18321655054202827,17841400539558029,hamletisntdead,"Hamlet Isn't Dead",,15,"03/31/2025 07:33",https://instagram.com/stories/hamletisntdead/3600487958209583342,"IG story",,Lifetime,67,62,3,0,0,77,1,,
17966809199855160,17841400539558029,hamletisntdead,"Hamlet Isn't Dead","Here we goooooo",0,"03/31/2025 07:33",https://instagram.com/stories/hamletisntdead/3600487693397858084,"IG story",,Lifetime,70,66,3,0,0,75,,,
18075055969694417,17841400539558029,hamletisntdead,"Hamlet Isn't Dead","Love our cast?",15,"03/28/2025 09:14",,"IG story",,Lifetime,36,35,1,0,0,38,,1,
18049870505246273,17841400539558029,hamletisntdead,"Hamlet Isn't Dead","Our cast announcement has finally arrived!!!",15,"03/28/2025 07:38",https://instagram.com/stories/hamletisntdead/3598316070424495766,"IG story",,Lifetime,54,50,2,0,0,46,,,
18182685052313115,17841400539558029,hamletisntdead,"Hamlet Isn't Dead",,0,"03/27/2025 05:47",https://instagram.com/stories/hamletisntdead/3597535120228780214,"IG story",,Lifetime,98,94,3,0,1,108,,,
18003606227754901,17841400539558029,hamletisntdead,"Hamlet Isn't Dead","@aaronanthonymoore 
@ladymaudlin 
@natalie_deboer 
@b.carty23 
@reidywatson 
@gabrielcethridge  The devising process never ends...even a week before opening 🥴",15,"03/27/2025 05:42",https://instagram.com/stories/hamletisntdead/3597533024813193580,"IG story",,Lifetime,125,114,7,0,0,99,,,
17903032947108286,17841400539558029,hamletisntdead,"Hamlet Isn't Dead",,15,"03/26/2025 08:59",https://instagram.com/stories/hamletisntdead/3596907196681289293,"IG story",,Lifetime,40,39,1,0,0,43,,,
18045917708082086,17841400539558029,hamletisntdead,"Hamlet Isn't Dead",,15,"03/26/2025 08:49",,"IG story",,Lifetime,53,48,1,0,0,54,1,,1
18002901158738832,17841400539558029,hamletisntdead,"Hamlet Isn't Dead","FREE WORKSHOP LED BY YOUR FAVORITE HIDIOTS!!!
So excited to be collabing with @undergroundskillsx",0,"03/24/2025 13:13",,"IG story",,Lifetime,143,135,1,0,0,146,,2,
18453541087076652,17841400539558029,hamletisntdead,"Hamlet Isn't Dead","Oh also...",15,"03/24/2025 05:36",,"IG story",,Lifetime,51,48,0,0,0,53,,,
18060336664843492,17841400539558029,hamletisntdead,"Hamlet Isn't Dead",,15,"03/24/2025 05:35",,"IG story",,Lifetime,58,55,3,0,0,58,,,
18049756352029277,17841400539558029,hamletisntdead,"Hamlet Isn't Dead","We've converted him!",6,"03/22/2025 06:48",https://instagram.com/stories/hamletisntdead/3593942262460579254,"IG story",,Lifetime,95,92,5,0,1,101,,,
17882703003256969,17841400539558029,hamletisntdead,"Hamlet Isn't Dead","Bell-bottom Squad! @liv.rid 
@stephaniejeane 
@toomuch_tori",0,"03/21/2025 15:44",https://instagram.com/stories/hamletisntdead/3593487831425168969,"IG story",,Lifetime,861,823,4,0,0,89,,,
18062483446819711,17841400539558029,hamletisntdead,"Hamlet Isn't Dead",,0,"03/21/2025 15:43",https://instagram.com/stories/hamletisntdead/3593489260071358516,"IG story",,Lifetime,76,69,3,0,0,84,,,2
18077459605665899,17841400539558029,hamletisntdead,"Hamlet Isn't Dead","For Bard’s Sake concludes tonight!! Catch our final show @caveatnyc",15,"03/21/2025 09:09",,"IG story",,Lifetime,143,121,6,0,1,87,,1,
17927640782914759,17841400539558029,hamletisntdead,"Hamlet Isn't Dead",,26,"03/20/2025 21:03",https://instagram.com/stories/hamletisntdead/3592922819257028713,"IG story",,Lifetime,291,258,4,0,0,96,,,
18070710340692970,17841400539558029,hamletisntdead,"Hamlet Isn't Dead","Shhh Squad",15,"03/20/2025 18:32",https://instagram.com/stories/hamletisntdead/3592847051294415723,"IG story",,Lifetime,254,220,8,0,0,100,,,5
17990224874790276,17841400539558029,hamletisntdead,"Hamlet Isn't Dead",,15,"03/20/2025 05:46",,"IG story",,Lifetime,51,48,2,0,1,56,3,1,
17914683284979624,17841400539558029,hamletisntdead,"Hamlet Isn't Dead","Vote on the cutest HIDiot in the description!",15,"03/20/2025 05:42",https://instagram.com/stories/hamletisntdead/3592459359544062438,"IG story",,Lifetime,57,52,1,0,0,59,,,
18036106730550597,17841400539558029,hamletisntdead,"Hamlet Isn't Dead",,14,"03/19/2025 10:27",https://instagram.com/stories/hamletisntdead/3591878017678265414,"IG story",,Lifetime,66,63,2,0,0,66,,,
18075262987775457,17841400539558029,hamletisntdead,"Hamlet Isn't Dead",,15,"03/19/2025 07:01",https://instagram.com/stories/hamletisntdead/3591774687979006716,"IG story",,Lifetime,78,72,2,0,1,75,,1,
18065055928767604,17841400539558029,hamletisntdead,"Hamlet Isn't Dead","Check out our friends at @firebird.nyc's upcoming show, FRANKENSTEIN!!",15,"03/18/2025 09:04",,"IG story",,Lifetime,124,115,1,0,0,120,1,2,
17899829535056106,17841400539558029,hamletisntdead,"Hamlet Isn't Dead",,3,"03/17/2025 13:24",,"IG story",,Lifetime,81,74,1,0,0,68,,,
18024622283648537,17841400539558029,hamletisntdead,"Hamlet Isn't Dead",,15,"03/17/2025 07:24",https://instagram.com/stories/hamletisntdead/3590336383089673794,"IG story",,Lifetime,73,65,3,0,0,78,2,,4
18380214172188115,17841400539558029,hamletisntdead,"Hamlet Isn't Dead",,15,"03/17/2025 06:07",https://instagram.com/stories/hamletisntdead/3590297604618521876,"IG story",,Lifetime,78,70,3,0,1,76,,1,
18055765772122521,17841400539558029,hamletisntdead,"Hamlet Isn't Dead",,6,"03/16/2025 18:06",https://instagram.com/stories/hamletisntdead/3589934940860402615,"IG story",,Lifetime,73,67,2,0,0,72,,,
18017730542495709,17841400539558029,hamletisntdead,"Hamlet Isn't Dead",,19,"03/16/2025 16:40",https://instagram.com/stories/hamletisntdead/3589891517558274505,"IG story",,Lifetime,74,67,2,0,0,77,,,
18497094538001633,17841400539558029,hamletisntdead,"Hamlet Isn't Dead",,6,"03/16/2025 12:45",,"IG story",,Lifetime,73,65,2,0,0,63,,,2
17993037992785249,17841400539558029,hamletisntdead,"Hamlet Isn't Dead",,15,"03/16/2025 07:08",,"IG story",,Lifetime,74,64,3,0,0,79,,2,
18038744099530266,17841400539558029,hamletisntdead,"Hamlet Isn't Dead",,19,"03/14/2025 19:35",https://instagram.com/stories/hamletisntdead/3588529942569445268,"IG story",,Lifetime,106,98,2,0,0,116,1,,
17941657334972854,17841400539558029,hamletisntdead,"Hamlet Isn't Dead","Grizz did not deserve the disrespect tho",11,"03/14/2025 10:20",https://instagram.com/stories/hamletisntdead/3588250447631741097,"IG story",,Lifetime,56,53,2,0,0,76,1,,
18079741936631662,17841400539558029,hamletisntdead,"Hamlet Isn't Dead",,3,"03/14/2025 10:18",https://instagram.com/stories/hamletisntdead/3588249529330730949,"IG story",,Lifetime,58,53,1,0,0,64,,,
18035829875534842,17841400539558029,hamletisntdead,"Hamlet Isn't Dead",,15,"03/14/2025 08:28",https://instagram.com/stories/hamletisntdead/3588194227113788731,"IG story",,Lifetime,60,54,0,0,0,71,,,
17848183905397553,17841400539558029,hamletisntdead,"Hamlet Isn't Dead",,15,"03/14/2025 08:27",https://instagram.com/stories/hamletisntdead/3588193616859249747,"IG story",,Lifetime,63,56,0,0,0,74,,,
18054944929908583,17841400539558029,hamletisntdead,"Hamlet Isn't Dead",,15,"03/13/2025 21:01",,"IG story",,Lifetime,117,104,0,0,0,72,,,
18024366410430035,17841400539558029,hamletisntdead,"Hamlet Isn't Dead","Easter egg 👀",0,"03/13/2025 17:53",https://instagram.com/stories/hamletisntdead/3587754084133569484,"IG story",,Lifetime,87,76,1,0,0,101,,,
17855191227396113,17841400539558029,hamletisntdead,"Hamlet Isn't Dead","@acturnerr23 
@bella_greathouse 
@laineejentz  Do you like Shakespeare?",5,"03/13/2025 17:51",https://instagram.com/stories/hamletisntdead/3587752807580530292,"IG story",,Lifetime,381,335,4,0,1,70,,,
18057351769890703,17841400539558029,hamletisntdead,"Hamlet Isn't Dead",,15,"03/13/2025 12:10",,"IG story",,Lifetime,83,77,2,0,0,97,,,
17917178517075641,17841400539558029,hamletisntdead,"Hamlet Isn't Dead",,15,"03/13/2025 05:48",,"IG story",,Lifetime,85,75,3,0,0,91,,,
18062951275791587,17841400539558029,hamletisntdead,"Hamlet Isn't Dead",,15,"03/12/2025 08:44",https://instagram.com/stories/hamletisntdead/3586754306209528944,"IG story",,Lifetime,83,70,0,0,0,78,,,
18026969615362119,17841400539558029,hamletisntdead,"Hamlet Isn't Dead",,15,"03/09/2025 10:48",https://instagram.com/stories/hamletisntdead/3584641026255186581,"IG story",,Lifetime,123,118,3,0,0,124,1,1,
17899552725139194,17841400539558029,hamletisntdead,"Hamlet Isn't Dead",,15,"03/08/2025 12:18",,"IG story",,Lifetime,66,63,2,0,0,81,,1,
18001581425589102,17841400539558029,hamletisntdead,"Hamlet Isn't Dead",,15,"03/08/2025 12:18",https://instagram.com/stories/hamletisntdead/3583991443212809053,"IG story",,Lifetime,71,66,0,0,0,81,1,,
17928336207013410,17841400539558029,hamletisntdead,"Hamlet Isn't Dead",,15,"03/07/2025 19:20",,"IG story",,Lifetime,86,82,0,0,0,89,2,,11
18035648291532501,17841400539558029,hamletisntdead,"Hamlet Isn't Dead","CAST UPDATE!!! Welcome @ladymaudlin",5,"03/06/2025 16:19",https://instagram.com/stories/hamletisntdead/3582663314636724880,"IG story",,Lifetime,203,178,6,0,0,107,4,2,16
17965172858852318,17841400539558029,hamletisntdead,"Hamlet Isn't Dead","Our very own MacSHHH
@don_dabro",0,"03/06/2025 16:13",https://instagram.com/stories/hamletisntdead/3582660154102731411,"IG story",,Lifetime,216,193,5,0,0,100,,,2
17847420060399331,17841400539558029,hamletisntdead,"Hamlet Isn't Dead",,0,"03/06/2025 05:28",,"IG story",,Lifetime,110,95,1,0,0,126,2,,
17977740560817540,17841400539558029,hamletisntdead,"Hamlet Isn't Dead",,0,"03/05/2025 18:44",,"IG story",,Lifetime,180,163,3,0,0,176,2,,4
18000620180746199,17841400539558029,hamletisntdead,"Hamlet Isn't Dead",,15,"03/03/2025 11:50",,"IG story",,Lifetime,66,61,2,0,0,65,1,,
17944508855956510,17841400539558029,hamletisntdead,"Hamlet Isn't Dead","@henriettahudson this Wednesday!! Come through and support our friends @murmurationtheatreco",15,"03/03/2025 05:55",,"IG story",,Lifetime,587,559,1,1,1,73,,4,1
18054548528110111,17841400539558029,hamletisntdead,"Hamlet Isn't Dead",,12,"03/03/2025 05:49",https://instagram.com/stories/hamletisntdead/3580171762114565690,"IG story",,Lifetime,82,74,1,0,0,70,,3,
18027055700356467,17841400539558029,hamletisntdead,"Hamlet Isn't Dead",,15,"03/01/2025 12:53",https://instagram.com/stories/hamletisntdead/3578935762726211949,"IG story",,Lifetime,93,83,1,0,0,94,1,1,
18303922771231396,17841400539558029,hamletisntdead,"Hamlet Isn't Dead",,0,"02/28/2025 19:00",https://instagram.com/stories/hamletisntdead/3578395623998079185,"IG story",,Lifetime,161,146,1,0,0,159,1,3,4
18070274896839063,17841400539558029,hamletisntdead,"Hamlet Isn't Dead","1 2 3 4",0,"02/28/2025 18:59",https://instagram.com/stories/hamletisntdead/3578395274881004442,"IG story",,Lifetime,170,156,1,0,0,158,1,,
18053525342169777,17841400539558029,hamletisntdead,"Hamlet Isn't Dead","What happens when two of our shows rehearse in neighboring studios
📹 @leilanidadivine  @unsureofmyname",12,"02/28/2025 06:33",https://instagram.com/stories/hamletisntdead/3578019928881037369,"IG story",,Lifetime,566,492,4,0,0,106,,,4
18014538866694303,17841400539558029,hamletisntdead,"Hamlet Isn't Dead","We love you, fery!!",15,"02/27/2025 18:02",,"IG story",,Lifetime,87,73,2,0,1,85,,,4
18489744625060279,17841400539558029,hamletisntdead,"Hamlet Isn't Dead","Had THE BEST time last night!!!",15,"02/27/2025 09:28",,"IG story",,Lifetime,64,59,3,0,0,68,1,,
18136388155388331,17841400539558029,hamletisntdead,"Hamlet Isn't Dead","Couldn't have said it better ourselves @camila.calderon !",15,"02/27/2025 09:26",,"IG story",,Lifetime,249,223,2,0,1,68,1,,
18320162983167433,17841400539558029,hamletisntdead,"Hamlet Isn't Dead",,15,"02/27/2025 07:47",,"IG story",,Lifetime,74,69,1,0,0,72,,,
18063267383498469,17841400539558029,hamletisntdead,"Hamlet Isn't Dead",,0,"02/26/2025 13:43",https://instagram.com/stories/hamletisntdead/3576786662501316924,"IG story",,Lifetime,232,216,3,0,0,229,1,,2
18087317830569923,17841400539558029,hamletisntdead,"Hamlet Isn't Dead",,15,"02/25/2025 19:47",https://instagram.com/stories/hamletisntdead/3576244943526988784,"IG story",,Lifetime,87,78,3,0,0,82,1,,
18108689401467936,17841400539558029,hamletisntdead,"Hamlet Isn't Dead","We are serious actors
@toomuch_tori",0,"02/25/2025 19:35",https://instagram.com/stories/hamletisntdead/3576239248022937692,"IG story",,Lifetime,202,173,8,0,1,94,,2,6
18485413069000608,17841400539558029,hamletisntdead,"Hamlet Isn't Dead",,3,"02/25/2025 05:50",,"IG story",,Lifetime,106,96,1,0,0,104,2,,
17995296794772820,17841400539558029,hamletisntdead,"Hamlet Isn't Dead",,0,"02/21/2025 21:50",,"IG story",,Lifetime,136,128,0,0,0,147,,,
18063268669930179,17841400539558029,hamletisntdead,"Hamlet Isn't Dead",,15,"02/21/2025 08:46",,"IG story",,Lifetime,69,60,2,0,0,70,2,,
18052406339155187,17841400539558029,hamletisntdead,"Hamlet Isn't Dead",,15,"02/20/2025 05:37",https://instagram.com/stories/hamletisntdead/3572193096839683108,"IG story",,Lifetime,94,84,1,0,0,84,1,,
17947955387800608,17841400539558029,hamletisntdead,"Hamlet Isn't Dead","RAC SPOTLIGHT Congratulations to Olivia !! What an incredible honor. We couldn't imagine anyone more deserving and are so proud of you. Cannot wait to see this! Show her some love in the comments!! 
Love, Team HIDiot",5,"02/18/2025 15:44",,"IG story",,Lifetime,190,169,3,0,0,94,1,,2
17927305794009783,17841400539558029,hamletisntdead,"Hamlet Isn't Dead",,0,"02/18/2025 15:26",,"IG story",,Lifetime,95,87,2,0,0,96,,,
18001829567735331,17841400539558029,hamletisntdead,"Hamlet Isn't Dead",,15,"02/18/2025 06:07",https://instagram.com/stories/hamletisntdead/3570758701226177916,"IG story",,Lifetime,82,77,4,0,0,85,1,,
18179736901313472,17841400539558029,hamletisntdead,"Hamlet Isn't Dead","Just wanted to remind everyone about this masterpiece @reidywatson",15,"02/17/2025 18:09",https://instagram.com/stories/hamletisntdead/3570397415615154319,"IG story",,Lifetime,186,158,2,0,0,96,3,,3
18106032139465469,17841400539558029,hamletisntdead,"Hamlet Isn't Dead","Save the dates!!!",15,"02/17/2025 06:28",https://instagram.com/stories/hamletisntdead/3570044731255306173,"IG story",,Lifetime,117,106,6,0,1,121,1,,
18085856155598241,17841400539558029,hamletisntdead,"Hamlet Isn't Dead",,15,"02/14/2025 13:14",,"IG story",,Lifetime,70,68,0,0,0,79,,,
17889524607091749,17841400539558029,hamletisntdead,"Hamlet Isn't Dead","How many Valentine's are we allowed to have...?
We love our HIDiots!",7,"02/14/2025 10:12",,"IG story",,Lifetime,584,515,3,0,1,92,,,
17892773613171289,17841400539558029,hamletisntdead,"Hamlet Isn't Dead",,15,"02/13/2025 12:39",,"IG story",,Lifetime,70,64,5,0,0,71,,,
18292118428242075,17841400539558029,hamletisntdead,"Hamlet Isn't Dead","DAY We raised over $2000 within the first 24 hours!! Can we keep that momentum going HIDiots???",3,"02/13/2025 08:13",,"IG story",,Lifetime,74,69,4,0,0,73,1,6,
18126017917413151,17841400539558029,hamletisntdead,"Hamlet Isn't Dead","What better way to celebrate Valentines?? @barefootshakes 
@peculierpub  @loxley.hall",39,"02/12/2025 17:39",,"IG story",,Lifetime,64,59,1,0,0,84,,,
17966469674847168,17841400539558029,hamletisntdead,"Hamlet Isn't Dead",,3,"02/12/2025 13:59",,"IG story",,Lifetime,67,58,1,0,0,64,,4,
17924289749915925,17841400539558029,hamletisntdead,"Hamlet Isn't Dead","You gotta do it for @unsureofmyname",15,"02/12/2025 09:39",,"IG story",,Lifetime,48,41,1,0,0,53,,,
18115968004441388,17841400539558029,hamletisntdead,"Hamlet Isn't Dead",,15,"02/10/2025 08:07",https://instagram.com/stories/hamletisntdead/3565021249484199421,"IG story",,Lifetime,97,91,3,0,0,99,,,
18371250178136920,17841400539558029,hamletisntdead,"Hamlet Isn't Dead","Ok we KNOW you're as intrigued as we are. Catch company members @gabrielcethridge one night only!",15,"02/09/2025 10:14",,"IG story",,Lifetime,169,149,4,0,0,141,3,1,
18067284592870372,17841400539558029,hamletisntdead,"Hamlet Isn't Dead","Lol sorry @reidywatson",0,"02/08/2025 08:07",https://instagram.com/stories/hamletisntdead/3563571757346139159,"IG story",,Lifetime,337,303,1,0,0,234,,,
17869077006294534,17841400539558029,hamletisntdead,"Hamlet Isn't Dead","@reidywatson 
@gabrielcethridge 
@ladymaudlin 
@aaronanthonymoore 
@nataliedeboer.actor 
@natalie_deboer",0,"02/07/2025 18:54",https://instagram.com/stories/hamletisntdead/3563172587464167695,"IG story",,Lifetime,257,223,1,0,1,129,,,
17922601380040843,17841400539558029,hamletisntdead,"Hamlet Isn't Dead","@nataliedeboer.actor 
@natalie_deboer 
@reidywatson 
@gabrielcethridge 
@aaronanthonymoore 
@ladymaudlin  Coming (back) soon!",5,"02/07/2025 18:00",https://instagram.com/stories/hamletisntdead/3563145379467086893,"IG story",,Lifetime,185,160,11,0,1,123,,,4
17927729580001074,17841400539558029,hamletisntdead,"Hamlet Isn't Dead",,15,"02/07/2025 08:59",https://instagram.com/stories/hamletisntdead/3562872841302577739,"IG story",,Lifetime,109,95,3,0,0,107,1,3,
17854537335380908,17841400539558029,hamletisntdead,"Hamlet Isn't Dead",,5,"02/06/2025 17:43",https://instagram.com/stories/hamletisntdead/3562411637438116560,"IG story",,Lifetime,107,98,3,0,0,96,4,,4
17924269317012918,17841400539558029,hamletisntdead,"Hamlet Isn't Dead",👀,0,"02/06/2025 17:42",https://instagram.com/stories/hamletisntdead/3562411520022787543,"IG story",,Lifetime,112,105,4,0,0,106,2,,4
18055650551009424,17841400539558029,hamletisntdead,"Hamlet Isn't Dead","Show some love to our friends over at @murmurationtheatreco !!",5,"02/05/2025 11:05",,"IG story",,Lifetime,111,102,1,0,0,117,1,,
18065361688804279,17841400539558029,hamletisntdead,"Hamlet Isn't Dead","@unsureofmyname 
@mike_lucaa 
@gabrielcethridge  @nataliedeboer.actor 
@natalie_deboer 
@itsemmamueller  @samyoushka 
@the_temporary_synesthetic  Thank you to all who came out to see our stream! And thank you for helping us raise so much on just one night!!!",15,"02/01/2025 21:19",,"IG story",,Lifetime,458,413,3,0,1,111,,,
18030854297616467,17841400539558029,hamletisntdead,"Hamlet Isn't Dead",,0,"02/01/2025 17:19",,"IG story",,Lifetime,76,71,5,0,0,75,,,
18034973090588541,17841400539558029,hamletisntdead,"Hamlet Isn't Dead","We did it fam",0,"02/01/2025 16:34",,"IG story",,Lifetime,72,67,4,0,1,69,,,
18050900366513815,17841400539558029,hamletisntdead,"Hamlet Isn't Dead",,11,"02/01/2025 16:08",,"IG story",,Lifetime,70,66,3,0,0,75,1,,
17856335697306514,17841400539558029,hamletisntdead,"Hamlet Isn't Dead","This could be yorick",0,"02/01/2025 15:59",,"IG story",,Lifetime,72,68,5,0,0,80,,2,
18070649908809521,17841400539558029,hamletisntdead,"Hamlet Isn't Dead",,5,"02/01/2025 15:41",,"IG story",,Lifetime,76,69,2,0,0,76,,5,
17931681890882164,17841400539558029,hamletisntdead,"Hamlet Isn't Dead",,15,"01/31/2025 12:11",,"IG story",,Lifetime,77,69,3,0,0,82,1,1,
18034976438194940,17841400539558029,hamletisntdead,"Hamlet Isn't Dead","We take ourselves extremely seriously... @samyoushka @the_temporary_synesthetic @camila.calderon 
@gabrielcethridge 
@unsureofmyname 
@natalie_deboer 
@itsemmamueller 
@ladymaudlin",31,"01/30/2025 17:05",,"IG story",,Lifetime,505,425,4,0,1,93,,,
18090126532526645,17841400539558029,hamletisntdead,"Hamlet Isn't Dead","Testing the limits of our camera frame with our tallest HIDiot 
@unsureofmyname",0,"01/30/2025 15:48",,"IG story",,Lifetime,238,212,2,0,2,99,,,
18486323746031373,17841400539558029,hamletisntdead,"Hamlet Isn't Dead","@natalie_deboer  Cheeto is Concerned",0,"01/30/2025 15:46",,"IG story",,Lifetime,94,83,1,0,0,100,,,2
18057076802068637,17841400539558029,hamletisntdead,"Hamlet Isn't Dead","Crimes have already been committed",0,"01/30/2025 15:37",,"IG story",,Lifetime,93,82,1,0,1,103,,,
18069757411749753,17841400539558029,hamletisntdead,"Hamlet Isn't Dead","@tinybabyblackbox  Dress rehearsal for",7,"01/30/2025 15:30",,"IG story",,Lifetime,137,123,4,0,1,85,2,3,
18057650941824994,17841400539558029,hamletisntdead,"Hamlet Isn't Dead","Yay @lydthedestroyer @splatshortfilm !!! @brooklynhorrorsociety",0,"01/29/2025 17:18",,"IG story",,Lifetime,214,194,6,0,1,76,1,,5
18050894764917949,17841400539558029,hamletisntdead,"Hamlet Isn't Dead",,15,"01/29/2025 16:57",,"IG story",,Lifetime,70,63,4,0,1,80,,,
17987960390785743,17841400539558029,hamletisntdead,"Hamlet Isn't Dead","I've encountered an obstacle",0,"01/28/2025 19:44",,"IG story",,Lifetime,90,82,4,0,0,101,,,
18092350735468288,17841400539558029,hamletisntdead,"Hamlet Isn't Dead","Late night crafting for",4,"01/28/2025 17:37",,"IG story",,Lifetime,98,88,3,0,0,81,1,1,
18077237743654414,17841400539558029,hamletisntdead,"Hamlet Isn't Dead",,0,"01/28/2025 04:05",,"IG story",,Lifetime,118,106,5,0,0,131,,,
18039181544120379,17841400539558029,hamletisntdead,"Hamlet Isn't Dead","(yes that says shakespeare)",0,"01/27/2025 19:27",,"IG story",,Lifetime,118,109,2,0,0,134,1,,
18061533664901122,17841400539558029,hamletisntdead,"Hamlet Isn't Dead","RAC SPOTLIGHT Check out @gabrielcethridge in this @kitchensinktheatrecompany project next month",5,"01/27/2025 13:08",,"IG story",,Lifetime,162,142,5,0,0,96,2,,
18034791911616194,17841400539558029,hamletisntdead,"Hamlet Isn't Dead",,3,"01/27/2025 12:30",,"IG story",,Lifetime,81,73,1,0,0,77,,2,
18057112969989846,17841400539558029,hamletisntdead,"Hamlet Isn't Dead",,0,"01/27/2025 09:11",,"IG story",,Lifetime,87,77,2,0,0,92,,,
17876152914166206,17841400539558029,hamletisntdead,"Hamlet Isn't Dead",,0,"01/27/2025 05:33",,"IG story",,Lifetime,84,77,1,0,0,98,1,,
18052430648320612,17841400539558029,hamletisntdead,"Hamlet Isn't Dead",,0,"01/27/2025 05:16",,"IG story",,Lifetime,89,82,1,0,0,100,,,
18072197194735443,17841400539558029,hamletisntdead,"Hamlet Isn't Dead",,3,"01/26/2025 13:36",,"IG story",,Lifetime,82,73,2,0,0,90,,,7
18021038276398462,17841400539558029,hamletisntdead,"Hamlet Isn't Dead","Cat's (chicken's?) out of the bag!

We couldn't be more thrilled to announce our official venue and dates for ""Cymbel-meme""! Endlessly excited to be in community with  @ootbtheatrics  at @theatre_154 
Check them out and stay tuned for more deets!!",15,"01/26/2025 13:35",,"IG story",,Lifetime,97,82,1,0,1,101,2,,
18325457011088682,17841400539558029,hamletisntdead,"Hamlet Isn't Dead",,15,"01/22/2025 07:47",,"IG story",,Lifetime,85,78,3,0,0,88,,1,
18031249226250891,17841400539558029,hamletisntdead,"Hamlet Isn't Dead",,8,"01/21/2025 13:32",,"IG story",,Lifetime,68,63,2,0,0,71,,,
17964342668849699,17841400539558029,hamletisntdead,"Hamlet Isn't Dead","Our friends over at @arachne_theater have launched a campaign for their 5th season. Show em some love if ya can!",0,"01/21/2025 08:23",,"IG story",,Lifetime,74,64,1,0,0,77,,,2
17912783259052821,17841400539558029,hamletisntdead,"Hamlet Isn't Dead","We're so excited to be bringing this series back at @caveatnyc !!
More info and tickets coming soon!",3,"01/21/2025 06:42",https://instagram.com/stories/hamletisntdead/3550482944470025937,"IG story",,Lifetime,85,75,3,0,0,69,,,
18074064085646246,17841400539558029,hamletisntdead,"Hamlet Isn't Dead","Congrats to RAC Member @parmeet.singh._ !! Go show him some love, HIDiots
👏👏👏",5,"01/15/2025 19:12",,"IG story",,Lifetime,367,329,3,0,1,132,2,,4
18086302849559565,17841400539558029,hamletisntdead,"Hamlet Isn't Dead","Hot people alert!!!",15,"01/15/2025 05:35",,"IG story",,Lifetime,68,63,3,0,0,65,,1,
18116020957433147,17841400539558029,hamletisntdead,"Hamlet Isn't Dead",,0,"01/14/2025 19:39",,"IG story",,Lifetime,74,70,2,0,0,83,,,
18013286993494608,17841400539558029,hamletisntdead,"Hamlet Isn't Dead",,0,"01/14/2025 12:35",,"IG story",,Lifetime,76,71,1,1,0,83,,,
17851502976380741,17841400539558029,hamletisntdead,"Hamlet Isn't Dead","RAC SPOTLIGHT Come out and support Daniel",15,"01/14/2025 11:09",,"IG story",,Lifetime,186,171,2,0,1,95,,,4
18356549704192213,17841400539558029,hamletisntdead,"Hamlet Isn't Dead",@unsureofmyname,3,"01/09/2025 12:32",,"IG story",,Lifetime,110,102,1,0,0,96,,10,
17876107905244292,17841400539558029,hamletisntdead,"Hamlet Isn't Dead","Big big @camilleofputten fans!!! Check out @much_ado_25 🙌🏼",0,"01/08/2025 10:09",,"IG story",,Lifetime,232,215,8,0,0,231,2,,12
17942349404811463,17841400539558029,hamletisntdead,"Hamlet Isn't Dead",,4,"01/06/2025 05:57",,"IG story",,Lifetime,66,61,0,0,0,93,,,
18154474648341789,17841400539558029,hamletisntdead,"Hamlet Isn't Dead",,3,"01/06/2025 05:55",,"IG story",,Lifetime,71,67,0,0,0,74,,,
18052937882046751,17841400539558029,hamletisntdead,"Hamlet Isn't Dead",,3,"01/06/2025 05:50",,"IG story",,Lifetime,84,78,1,0,0,72,1,,
18043135009996812,17841400539558029,hamletisntdead,"Hamlet Isn't Dead",,15,"12/25/2024 14:26",,"IG story",,Lifetime,132,127,2,0,0,127,,,6
17917645860041272,17841400539558029,hamletisntdead,"Hamlet Isn't Dead",,15,"12/23/2024 05:23",,"IG story",,Lifetime,77,76,1,0,0,82,,,
17987999396772627,17841400539558029,hamletisntdead,"Hamlet Isn't Dead",,15,"12/23/2024 05:22",,"IG story",,Lifetime,80,78,1,0,0,82,,,
18143513230325835,17841400539558029,hamletisntdead,"Hamlet Isn't Dead","Our friends at @americantheatreofactors are installing new seats in their Sargent Theatre!",15,"12/22/2024 15:49",,"IG story",,Lifetime,214,190,1,0,0,109,1,1,2
18038961209363572,17841400539558029,hamletisntdead,"Hamlet Isn't Dead",,3,"12/22/2024 15:42",,"IG story",,Lifetime,107,99,1,0,0,92,,1,
18055519313486228,17841400539558029,hamletisntdead,"Hamlet Isn't Dead","@mike_lucaa 
@gabrielcethridge 
@unsureofmyname",0,"02/01/2025 17:46",,"IG story",,Lifetime,367,321,3,0,1,87,,1,
17854449588297077,17841400539558029,hamletisntdead,"Hamlet Isn't Dead",Tomorrow!,5,"10/22/2024 16:06",https://instagram.com/stories/hamletisntdead/3484782076270229516,"IG story",,Lifetime,183,148,1,0,0,123,,,
18080840413529911,17841400539558029,hamletisntdead,"Hamlet Isn't Dead",,0,"10/22/2024 17:12",,"IG story",,Lifetime,112,98,2,0,0,131,,,
17883089535069470,17841400539558029,hamletisntdead,"Hamlet Isn't Dead",,15,"10/22/2024 18:33",,"IG story",,Lifetime,99,85,1,0,0,123,,,
17976122273781128,17841400539558029,hamletisntdead,"Hamlet Isn't Dead","Go, Sophia, go!
Check out the IG live happening NOW!",0,"10/22/2024 18:34",https://instagram.com/stories/hamletisntdead/3484856142091617338,"IG story",,Lifetime,101,83,4,0,0,111,1,,
18019600064307016,17841400539558029,hamletisntdead,"Hamlet Isn't Dead",,5,"10/23/2024 05:30",https://instagram.com/stories/hamletisntdead/3485186729466123915,"IG story",,Lifetime,115,87,3,0,0,123,1,,
17939840339793492,17841400539558029,hamletisntdead,"Hamlet Isn't Dead","I’m so excited to spend my day with yall!  @officialpearle.shannon",24,"10/23/2024 06:15",https://instagram.com/stories/hamletisntdead/3485209449927003271,"IG story",,Lifetime,164,119,5,0,2,118,,,4
17858688336225804,17841400539558029,hamletisntdead,"Hamlet Isn't Dead","Ready for our 2nd week of shows!  Guitar ✅
Vocal prep items ✅
Costume pieces ✅",0,"10/23/2024 06:31",https://instagram.com/stories/hamletisntdead/3485217850346076819,"IG story",,Lifetime,109,80,3,0,0,120,1,,
18036057674241705,17841400539558029,hamletisntdead,"Hamlet Isn't Dead","@stefania.gonzalez 
@addie_gomez 
@audsypodsy",60,"10/23/2024 07:05",https://instagram.com/stories/hamletisntdead/3485234455880673452,"IG story",,Lifetime,106,78,4,0,0,113,1,,9
18199941154291212,17841400539558029,hamletisntdead,"Hamlet Isn't Dead",,60,"10/23/2024 07:09",https://instagram.com/stories/hamletisntdead/3485236541179679333,"IG story",,Lifetime,112,78,3,0,1,117,1,,
18067942420569319,17841400539558029,hamletisntdead,"Hamlet Isn't Dead",,22,"10/23/2024 07:57",https://instagram.com/stories/hamletisntdead/3485260332538777700,"IG story",,Lifetime,109,76,1,0,0,118,,,
18034071992200922,17841400539558029,hamletisntdead,"Hamlet Isn't Dead",,60,"10/23/2024 08:07",https://instagram.com/stories/hamletisntdead/3485265593219404841,"IG story",,Lifetime,99,71,1,0,0,99,,,
18018923294614828,17841400539558029,hamletisntdead,"Hamlet Isn't Dead",,60,"10/23/2024 08:14",https://instagram.com/stories/hamletisntdead/3485269243631025841,"IG story",,Lifetime,96,67,0,0,1,94,,,
18061764265685037,17841400539558029,hamletisntdead,"Hamlet Isn't Dead",,60,"10/23/2024 08:21",https://instagram.com/stories/hamletisntdead/3485272570259443665,"IG story",,Lifetime,96,66,0,0,1,97,,,
18143161219346873,17841400539558029,hamletisntdead,"Hamlet Isn't Dead","That’s so crazy that I just happened to have this link  Favorite song is tied between 

The Other Side of Me 

As I am  This is my favorite question",5,"10/23/2024 09:13",https://instagram.com/stories/hamletisntdead/3485298976531974644,"IG story",,Lifetime,97,65,0,0,1,112,1,6,
18113251504421205,17841400539558029,hamletisntdead,"Hamlet Isn't Dead","@audsypodsy 
@officialpearle.shannon 
@toomuch_tori 
@itsemmamueller",8,"10/23/2024 10:56",https://instagram.com/stories/hamletisntdead/3485350551623603777,"IG story",,Lifetime,689,571,2,0,0,96,,,8
18106827115426375,17841400539558029,hamletisntdead,"Hamlet Isn't Dead",@itsemmamueller,49,"10/23/2024 11:41",https://instagram.com/stories/hamletisntdead/3485373455015452698,"IG story",,Lifetime,90,66,0,0,1,106,,,2
18160373311318683,17841400539558029,hamletisntdead,"Hamlet Isn't Dead",,40,"10/23/2024 11:44",https://instagram.com/stories/hamletisntdead/3485374785197026248,"IG story",,Lifetime,93,64,0,0,0,96,1,,
18036796688335746,17841400539558029,hamletisntdead,"Hamlet Isn't Dead","@elliekarmitage snuck in this darling moment to a rehearsal video I had  I think the vocal stamina we all have to have in this show is really a marathon 

The amount of use my nebulizer gets backstage is obscene 

I was trained as a film actor so being in such a beautiful huge space has proven a great challenge for me - which I am very grateful for!",60,"10/23/2024 11:55",https://instagram.com/stories/hamletisntdead/3485382961229344424,"IG story",,Lifetime,86,64,1,0,0,103,,,2
18167163208311822,17841400539558029,hamletisntdead,"Hamlet Isn't Dead","First Fisherman:  4th Knights LEAST FAVORITE movie:  1st Servants Favorite TV show:  Boult:",15,"10/23/2024 12:09",https://instagram.com/stories/hamletisntdead/3485387572161806661,"IG story",,Lifetime,84,61,0,0,0,101,,,
17894656365011500,17841400539558029,hamletisntdead,"Hamlet Isn't Dead",,60,"10/23/2024 14:24",https://instagram.com/stories/hamletisntdead/3485458427898481406,"IG story",,Lifetime,88,65,0,0,0,85,3,,
17922531509988100,17841400539558029,hamletisntdead,"Hamlet Isn't Dead","@toomuch_tori Kermit all day everyday",8,"10/23/2024 15:10",https://instagram.com/stories/hamletisntdead/3485478675866538882,"IG story",,Lifetime,78,60,1,0,0,80,,,
17980258886771579,17841400539558029,hamletisntdead,"Hamlet Isn't Dead","Backstage setting water",14,"10/23/2024 15:56",https://instagram.com/stories/hamletisntdead/3485501511846912808,"IG story",,Lifetime,76,60,0,0,0,80,2,,
17983055684750178,17841400539558029,hamletisntdead,"Hamlet Isn't Dead","House open",0,"10/23/2024 16:07",https://instagram.com/stories/hamletisntdead/3485506936550092471,"IG story",,Lifetime,68,56,0,0,0,79,,,
18299997061201873,17841400539558029,hamletisntdead,"Hamlet Isn't Dead",Nebulizer,0,"10/23/2024 16:07",https://instagram.com/stories/hamletisntdead/3485507075733960377,"IG story",,Lifetime,67,55,0,0,0,77,,,
18065785438677776,17841400539558029,hamletisntdead,"Hamlet Isn't Dead",,11,"10/23/2024 16:30",https://instagram.com/stories/hamletisntdead/3485518882490270470,"IG story",,Lifetime,74,55,1,0,0,62,,,
17985334874732612,17841400539558029,hamletisntdead,"Hamlet Isn't Dead",,0,"10/23/2024 16:31",,"IG story",,Lifetime,73,54,0,0,0,83,,,6
17953771286845365,17841400539558029,hamletisntdead,"Hamlet Isn't Dead","Half way through!  @toomuch_tori",0,"10/23/2024 18:03",https://instagram.com/stories/hamletisntdead/3485565612690504150,"IG story",,Lifetime,70,57,2,0,0,80,,,
18063142900683963,17841400539558029,hamletisntdead,"Hamlet Isn't Dead","@abrilopezz ready for the rehearsal run yesterday",15,"10/23/2024 18:10",https://instagram.com/stories/hamletisntdead/3485568889196827949,"IG story",,Lifetime,466,409,0,0,1,82,,,
18040639475321139,17841400539558029,hamletisntdead,"Hamlet Isn't Dead","@abrilopezz ready for tonight’s run",0,"10/23/2024 18:11",https://instagram.com/stories/hamletisntdead/3485569724408637660,"IG story",,Lifetime,456,400,0,0,0,81,,,
18362259682186277,17841400539558029,hamletisntdead,"Hamlet Isn't Dead","We love a happy ending 🥲 @stefania.gonzalez 
@addie_gomez",7,"10/23/2024 18:18",https://instagram.com/stories/hamletisntdead/3485573042731908153,"IG story",,Lifetime,628,567,3,0,0,69,,,9
18165801625314455,17841400539558029,hamletisntdead,"Hamlet Isn't Dead",Done!!,0,"10/23/2024 18:48",https://instagram.com/stories/hamletisntdead/3485588139550625469,"IG story",,Lifetime,73,59,2,0,1,87,,,
18060015163754669,17841400539558029,hamletisntdead,"Hamlet Isn't Dead","Congratulations to our understudies for a fabulous run!!
@addie_gomez 
@audsypodsy 
@stefania.gonzalez",12,"10/23/2024 19:37",https://instagram.com/stories/hamletisntdead/3485613070812015563,"IG story",,Lifetime,77,60,1,0,1,68,,,
17923920575981691,17841400539558029,hamletisntdead,"Hamlet Isn't Dead",,60,"10/23/2024 19:48",https://instagram.com/stories/hamletisntdead/3485618426938476106,"IG story",,Lifetime,73,59,0,0,0,68,,,
18092040313490326,17841400539558029,hamletisntdead,"Hamlet Isn't Dead",,59,"10/23/2024 19:50",https://instagram.com/stories/hamletisntdead/3485619520452332097,"IG story",,Lifetime,66,56,0,0,0,59,,,
17899281090072761,17841400539558029,hamletisntdead,"Hamlet Isn't Dead","Thank you to our amazing audience!!!",4,"10/23/2024 19:53",https://instagram.com/stories/hamletisntdead/3485620710510255616,"IG story",,Lifetime,71,56,2,0,0,52,,1,
17972821448788380,17841400539558029,hamletisntdead,"Hamlet Isn't Dead",,60,"10/23/2024 19:56",https://instagram.com/stories/hamletisntdead/3485622728214115238,"IG story",,Lifetime,67,55,0,0,0,78,,,
18419755828075210,17841400539558029,hamletisntdead,"Hamlet Isn't Dead",,56,"10/23/2024 19:59",https://instagram.com/stories/hamletisntdead/3485623788735325414,"IG story",,Lifetime,66,55,0,0,0,69,,,
18045102233096212,17841400539558029,hamletisntdead,"Hamlet Isn't Dead",,57,"10/23/2024 20:01",https://instagram.com/stories/hamletisntdead/3485624933461539903,"IG story",,Lifetime,64,53,0,0,0,63,2,,
18025044425607167,17841400539558029,hamletisntdead,"Hamlet Isn't Dead",,54,"10/23/2024 20:05",https://instagram.com/stories/hamletisntdead/3485626969393642351,"IG story",,Lifetime,68,55,0,0,0,65,,,
17945007377885972,17841400539558029,hamletisntdead,"Hamlet Isn't Dead",,36,"10/23/2024 20:07",https://instagram.com/stories/hamletisntdead/3485627997140651468,"IG story",,Lifetime,63,52,0,0,0,65,,,
18254836543264544,17841400539558029,hamletisntdead,"Hamlet Isn't Dead","Our face when you tell us you haven't gotten your ticket to Pericles yet",0,"10/24/2024 06:57",https://instagram.com/stories/hamletisntdead/3485955013777850857,"IG story",,Lifetime,332,288,1,0,0,138,,,4
18020630300300700,17841400539558029,hamletisntdead,"Hamlet Isn't Dead",TOMORROW!,5,"10/24/2024 12:36",https://instagram.com/stories/hamletisntdead/3486125943108346054,"IG story",,Lifetime,272,184,4,0,0,168,,,2
18043849073508990,17841400539558029,hamletisntdead,"Hamlet Isn't Dead",@toomuch_tori,58,"10/24/2024 21:04",https://instagram.com/stories/hamletisntdead/3486381401462905978,"IG story",,Lifetime,266,175,9,0,4,188,4,,
18068372797724113,17841400539558029,hamletisntdead,"Hamlet Isn't Dead",,24,"10/25/2024 08:07",https://instagram.com/stories/hamletisntdead/3486715280895863486,"IG story",,Lifetime,131,97,5,0,2,117,3,,
18051611416752988,17841400539558029,hamletisntdead,"Hamlet Isn't Dead",@toomuch_tori,41,"10/25/2024 09:10",https://instagram.com/stories/hamletisntdead/3486746785756107587,"IG story",,Lifetime,200,136,5,0,1,95,,,
17933284148944540,17841400539558029,hamletisntdead,"Hamlet Isn't Dead",,0,"10/25/2024 10:29",https://instagram.com/stories/hamletisntdead/3486786822468482584,"IG story",,Lifetime,93,71,4,0,0,105,,,4
18063999835667803,17841400539558029,hamletisntdead,"Hamlet Isn't Dead","Do you have fan mail for me?",19,"10/25/2024 11:52",https://instagram.com/stories/hamletisntdead/3486828479507092249,"IG story",,Lifetime,100,70,2,0,1,80,,,
18070741879716929,17841400539558029,hamletisntdead,"Hamlet Isn't Dead",,50,"10/25/2024 11:55",https://instagram.com/stories/hamletisntdead/3486829789782570470,"IG story",,Lifetime,94,70,2,0,0,90,1,,
18095887549473646,17841400539558029,hamletisntdead,"Hamlet Isn't Dead",,60,"10/25/2024 14:23",https://instagram.com/stories/hamletisntdead/3486904358987949313,"IG story",,Lifetime,86,63,2,0,1,73,2,,
18257677891267076,17841400539558029,hamletisntdead,"Hamlet Isn't Dead",,60,"10/25/2024 14:23",https://instagram.com/stories/hamletisntdead/3486904570011928653,"IG story",,Lifetime,83,61,0,0,0,74,,,
18074937088598253,17841400539558029,hamletisntdead,"Hamlet Isn't Dead",,15,"10/25/2024 14:27",https://instagram.com/stories/hamletisntdead/3486906417283870873,"IG story",,Lifetime,80,61,1,0,0,78,,,
17943158777781759,17841400539558029,hamletisntdead,"Hamlet Isn't Dead","My mom is very proud of herself",0,"10/25/2024 15:13",https://instagram.com/stories/hamletisntdead/3486929615954169211,"IG story",,Lifetime,75,59,0,0,1,74,,,
18025631933196427,17841400539558029,hamletisntdead,"Hamlet Isn't Dead","Not my day @toomuch_tori",18,"10/25/2024 15:33",https://instagram.com/stories/hamletisntdead/3486939608958969207,"IG story",,Lifetime,76,58,1,0,0,66,,,
17853572583299850,17841400539558029,hamletisntdead,"Hamlet Isn't Dead",@centeratwestpark,3,"10/25/2024 15:35",https://instagram.com/stories/hamletisntdead/3486940646503977778,"IG story",,Lifetime,75,60,0,0,0,66,,,
18068910607619347,17841400539558029,hamletisntdead,"Hamlet Isn't Dead","1 minute until the house opens and Pandar’s box rocks the house down do you have your tickets?  @elliekarmitage @officialpearle.shannon @itsemmamueller @sophia.c.carlin",15,"10/25/2024 16:09",https://instagram.com/stories/hamletisntdead/3486993869512228561,"IG story",,Lifetime,122,92,3,0,0,76,,,
18033169241076323,17841400539558029,hamletisntdead,"Hamlet Isn't Dead",,0,"10/25/2024 20:02",https://instagram.com/stories/hamletisntdead/3487075158721989736,"IG story",,Lifetime,83,63,3,0,0,81,,,5
18037524299004825,17841400539558029,hamletisntdead,"Hamlet Isn't Dead",,56,"10/25/2024 20:04",https://instagram.com/stories/hamletisntdead/3487076066369447082,"IG story",,Lifetime,79,61,3,0,0,79,,,
17922682271878850,17841400539558029,hamletisntdead,"Hamlet Isn't Dead",,26,"10/25/2024 21:15",https://instagram.com/stories/hamletisntdead/3487111538311632438,"IG story",,Lifetime,73,59,0,0,0,80,,,
18047791624989502,17841400539558029,hamletisntdead,"Hamlet Isn't Dead","Break a leg to our amazing understudy, @audsypodsy !",5,"10/26/2024 05:56",,"IG story",,Lifetime,76,57,2,0,0,77,1,,
17932680041948113,17841400539558029,hamletisntdead,"Hamlet Isn't Dead","2nd to last preshow 🥺 @audsypodsy on for GOWER!! @officialpearle.shannon 
@toomuch_tori 
@itsemmamueller",28,"10/26/2024 10:56",https://instagram.com/stories/hamletisntdead/3487524983666405780,"IG story",,Lifetime,138,104,2,0,0,90,,,5
18069448750618899,17841400539558029,hamletisntdead,"Hamlet Isn't Dead","Only one more chance to see Pericles! Let's pack the house for closing!!!",15,"10/26/2024 11:06",https://instagram.com/stories/hamletisntdead/3487529877236586386,"IG story",,Lifetime,86,63,1,0,0,98,1,,
18036892898224514,17841400539558029,hamletisntdead,"Hamlet Isn't Dead","@itsemmamueller 
@toomuch_tori 
@officialpearle.shannon  We fear the band isn't taking this seriously... Meanwhile @camilleofputten and @oliviabaesil are eating",10,"10/26/2024 11:34",https://instagram.com/stories/hamletisntdead/3487544183613220300,"IG story",,Lifetime,260,206,1,0,1,94,,,
18334043950195585,17841400539558029,hamletisntdead,"Hamlet Isn't Dead","Congratulations @audsypodsy for her glorious Gower!",35,"10/26/2024 12:47",https://instagram.com/stories/hamletisntdead/3487580692630320941,"IG story",,Lifetime,84,63,2,0,0,92,1,,
18022223507545445,17841400539558029,hamletisntdead,"Hamlet Isn't Dead","@audsypodsy 
@oliviabaesil 
@abrilopezz 
@chris.m.godshall 
@coda_leana 
@romeo.torres.7 
@toomuch_tori 
@officialpearle.shannon 
@itsemmamueller 
@camilleofputten",15,"10/26/2024 12:49",https://instagram.com/stories/hamletisntdead/3487582003711012762,"IG story",,Lifetime,510,420,2,0,1,98,1,,8
18464452615035276,17841400539558029,hamletisntdead,"Hamlet Isn't Dead","Cannot get over this beautiful dance 😍 
Music by @sleotacarlin 
Band: @audsypodsy @itsemmamueller @toomuch_tori @officialpearle.shannon  @coda_leana 
@romeo.torres.7 
@camilleofputten 
@chris.m.godshall 
@abrilopezz 
@oliviabaesil",26,"10/26/2024 16:07",https://instagram.com/stories/hamletisntdead/3487681591637825520,"IG story",,Lifetime,809,693,2,0,0,101,,,3
18050266978939732,17841400539558029,hamletisntdead,"Hamlet Isn't Dead",,12,"10/26/2024 19:24",https://instagram.com/stories/hamletisntdead/3487780391924082805,"IG story",,Lifetime,96,84,4,0,1,95,,,2
17886282108138132,17841400539558029,hamletisntdead,"Hamlet Isn't Dead","🥲And that's that!😭
Thank you to the incredible cast and all who came out to see this very special show! ⛵️ 
Time to set sail for new horizons... @elliekarmitage 
@oliviabaesil 
@abrilopezz 
@chris.m.godshall 
@coda_leana 
@romeo.torres.7 
@camilleofputten 
@officialpearle.shannon 
@toomuch_tori 
@itsemmamueller",10,"10/26/2024 19:57",https://instagram.com/stories/hamletisntdead/3487797308634210308,"IG story",,Lifetime,255,216,11,0,0,103,,,24
17945118044893348,17841400539558029,hamletisntdead,"Hamlet Isn't Dead","Make sure you head over to As You Mic It 
tomorrow night!",0,"10/28/2024 08:43",,"IG story",,Lifetime,207,186,2,0,0,147,,1,3
18299290693201793,17841400539558029,hamletisntdead,"Hamlet Isn't Dead",,3,"10/28/2024 10:28",,"IG story",,Lifetime,97,89,3,0,0,101,,,
18042691610121886,17841400539558029,hamletisntdead,"Hamlet Isn't Dead",,3,"10/28/2024 18:09",,"IG story",,Lifetime,109,107,2,0,0,110,,,
18011976416414428,17841400539558029,hamletisntdead,"Hamlet Isn't Dead","Can't wait to see HIDiot @eme.helm 's Coriolanus! Help them reach their fundraising goal!!",0,"10/30/2024 14:53",,"IG story",,Lifetime,139,133,3,0,0,138,1,1,2
18315744931095675,17841400539558029,hamletisntdead,"Hamlet Isn't Dead",Perksssss,0,"10/30/2024 14:54",,"IG story",,Lifetime,130,125,1,0,0,143,1,,
18021218609546586,17841400539558029,hamletisntdead,"Hamlet Isn't Dead",,3,"11/05/2024 05:37",,"IG story",,Lifetime,468,389,3,0,0,508,1,,
18049619869982787,17841400539558029,hamletisntdead,"Hamlet Isn't Dead","We are HERE for the @camila.calderon supremacy!! RAC SPOTLIGHT",5,"11/12/2024 11:12",,"IG story",,Lifetime,242,228,1,0,0,108,3,,
17884789923083762,17841400539558029,hamletisntdead,"Hamlet Isn't Dead","RAC SPOTLIGHT @butjdisbetter AND @toomuch_tori 
killing it with their new show @rascals_play",15,"11/12/2024 11:16",,"IG story",,Lifetime,214,174,2,0,2,120,,2,2
18120455566407261,17841400539558029,hamletisntdead,"Hamlet Isn't Dead","@gabrielcethridge is a STAR in @pillowtalkplay later this month! RAC SPOTLIGHT",5,"11/12/2024 11:19",,"IG story",,Lifetime,178,157,6,0,2,106,,1,
18062538745766378,17841400539558029,hamletisntdead,"Hamlet Isn't Dead","👀 Cool opportunity ALERT! Let us know if you submit HIDiots!",0,"11/13/2024 07:47",,"IG story",,Lifetime,211,193,4,0,0,213,1,,
18026903270400173,17841400539558029,hamletisntdead,"Hamlet Isn't Dead","Congratulations @luigiscoolerbro and the team of Gruesome Playground Injuries! It was an incredible show!!!",15,"11/14/2024 05:40",,"IG story",,Lifetime,91,87,3,0,0,102,,,
17969243753810434,17841400539558029,hamletisntdead,"Hamlet Isn't Dead",,0,"11/14/2024 05:43",,"IG story",,Lifetime,89,84,2,0,0,101,,,
18062076757751938,17841400539558029,hamletisntdead,"Hamlet Isn't Dead","Huge CONGRATULATIONS to @eme.helm and the entire Coriolanus team!  RAC SPOTLIGHT",5,"11/14/2024 09:47",,"IG story",,Lifetime,87,85,2,0,0,90,1,,2
18083503909551084,17841400539558029,hamletisntdead,"Hamlet Isn't Dead",,15,"12/04/2024 05:34",,"IG story",,Lifetime,96,94,3,0,0,105,,,4
17885987640154197,17841400539558029,hamletisntdead,"Hamlet Isn't Dead","Kicking off the holiday season RIGHT with @undergroundskillsx !! Thank you for hosting us and showing off the incredible talent of your community 💛🧡 @don_dabro",0,"12/05/2024 17:36",,"IG story",,Lifetime,532,503,14,0,0,308,,,2
18146620963348100,17841400539558029,hamletisntdead,"Hamlet Isn't Dead","So excited to see the opening night of @coriolanus.nyc !!!
Congratulations @eme.helm and team! 🤩",0,"12/06/2024 16:08",,"IG story",,Lifetime,286,229,1,0,0,150,,,
18473670610043294,17841400539558029,hamletisntdead,"Hamlet Isn't Dead",,15,"12/06/2024 16:10",,"IG story",,Lifetime,129,123,3,0,0,130,,,
17924344896004336,17841400539558029,hamletisntdead,"Hamlet Isn't Dead","Break legs @toomuch_tori and @rascals_play !!!",0,"12/12/2024 17:05",,"IG story",,Lifetime,392,347,4,0,1,195,3,,8
17905079349076631,17841400539558029,hamletisntdead,"Hamlet Isn't Dead","Ok best part of the show tho @butjdisbetter 😍",0,"12/12/2024 18:14",,"IG story",,Lifetime,201,193,1,0,0,220,,,
17869690395180770,17841400539558029,hamletisntdead,"Hamlet Isn't Dead",TONIGHT!,5,"12/17/2024 09:47",,"IG story",,Lifetime,136,133,4,0,0,148,2,,
18280777072172539,17841400539558029,hamletisntdead,"Hamlet Isn't Dead",,3,"10/22/2024 15:52",https://instagram.com/stories/hamletisntdead/3484774716877444503,"IG story",,Lifetime,139,116,3,0,1,103,1,,3
